,MONATSZAHL,AUSPRAEGUNG,JAHR,MONAT,WERT
26,Alkoholunfälle,insgesamt,2020,1,28.0
27,Alkoholunfälle,insgesamt,2020,2,40.0
28,Alkoholunfälle,insgesamt,2020,3,27.0
29,Alkoholunfälle,insgesamt,2020,4,26.0
30,Alkoholunfälle,insgesamt,2020,5,40.0
31,Alkoholunfälle,insgesamt,2020,6,49.0
32,Alkoholunfälle,insgesamt,2020,7,58.0
33,Alkoholunfälle,insgesamt,2020,8,46.0
34,Alkoholunfälle,insgesamt,2020,9,46.0
35,Alkoholunfälle,insgesamt,2020,10,34.0
36,Alkoholunfälle,insgesamt,2020,11,23.0
37,Alkoholunfälle,insgesamt,2020,12,13.0
39,Alkoholunfälle,insgesamt,2019,1,22.0
40,Alkoholunfälle,insgesamt,2019,2,28.0
41,Alkoholunfälle,insgesamt,2019,3,34.0
42,Alkoholunfälle,insgesamt,2019,4,36.0
43,Alkoholunfälle,insgesamt,2019,5,39.0
44,Alkoholunfälle,insgesamt,2019,6,40.0
45,Alkoholunfälle,insgesamt,2019,7,48.0
46,Alkoholunfälle,insgesamt,2019,8,31.0
47,Alkoholunfälle,insgesamt,2019,9,47.0
48,Alkoholunfälle,insgesamt,2019,10,45.0
49,Alkoholunfälle,insgesamt,2019,11,29.0
50,Alkoholunfälle,insgesamt,2019,12,35.0
52,Alkoholunfälle,insgesamt,2018,1,22.0
53,Alkoholunfälle,insgesamt,2018,2,24.0
54,Alkoholunfälle,insgesamt,2018,3,32.0
55,Alkoholunfälle,insgesamt,2018,4,25.0
56,Alkoholunfälle,insgesamt,2018,5,34.0
57,Alkoholunfälle,insgesamt,2018,6,39.0
58,Alkoholunfälle,insgesamt,2018,7,51.0
59,Alkoholunfälle,insgesamt,2018,8,40.0
60,Alkoholunfälle,insgesamt,2018,9,36.0
61,Alkoholunfälle,insgesamt,2018,10,43.0
62,Alkoholunfälle,insgesamt,2018,11,31.0
63,Alkoholunfälle,insgesamt,2018,12,21.0
65,Alkoholunfälle,insgesamt,2017,1,19.0
66,Alkoholunfälle,insgesamt,2017,2,22.0
67,Alkoholunfälle,insgesamt,2017,3,36.0
68,Alkoholunfälle,insgesamt,2017,4,26.0
69,Alkoholunfälle,insgesamt,2017,5,29.0
70,Alkoholunfälle,insgesamt,2017,6,41.0
71,Alkoholunfälle,insgesamt,2017,7,52.0
72,Alkoholunfälle,insgesamt,2017,8,30.0
73,Alkoholunfälle,insgesamt,2017,9,47.0
74,Alkoholunfälle,insgesamt,2017,10,32.0
75,Alkoholunfälle,insgesamt,2017,11,33.0
76,Alkoholunfälle,insgesamt,2017,12,42.0
78,Alkoholunfälle,insgesamt,2016,1,21.0
79,Alkoholunfälle,insgesamt,2016,2,10.0
80,Alkoholunfälle,insgesamt,2016,3,20.0
81,Alkoholunfälle,insgesamt,2016,4,27.0
82,Alkoholunfälle,insgesamt,2016,5,25.0
83,Alkoholunfälle,insgesamt,2016,6,30.0
84,Alkoholunfälle,insgesamt,2016,7,35.0
85,Alkoholunfälle,insgesamt,2016,8,34.0
86,Alkoholunfälle,insgesamt,2016,9,29.0
87,Alkoholunfälle,insgesamt,2016,10,30.0
88,Alkoholunfälle,insgesamt,2016,11,20.0
89,Alkoholunfälle,insgesamt,2016,12,20.0
91,Alkoholunfälle,insgesamt,2015,1,22.0
92,Alkoholunfälle,insgesamt,2015,2,23.0
93,Alkoholunfälle,insgesamt,2015,3,23.0
94,Alkoholunfälle,insgesamt,2015,4,29.0
95,Alkoholunfälle,insgesamt,2015,5,50.0
96,Alkoholunfälle,insgesamt,2015,6,39.0
97,Alkoholunfälle,insgesamt,2015,7,49.0
98,Alkoholunfälle,insgesamt,2015,8,49.0
99,Alkoholunfälle,insgesamt,2015,9,45.0
100,Alkoholunfälle,insgesamt,2015,10,25.0
101,Alkoholunfälle,insgesamt,2015,11,30.0
102,Alkoholunfälle,insgesamt,2015,12,27.0
104,Alkoholunfälle,insgesamt,2014,1,21.0
105,Alkoholunfälle,insgesamt,2014,2,17.0
106,Alkoholunfälle,insgesamt,2014,3,37.0
107,Alkoholunfälle,insgesamt,2014,4,35.0
108,Alkoholunfälle,insgesamt,2014,5,28.0
109,Alkoholunfälle,insgesamt,2014,6,31.0
110,Alkoholunfälle,insgesamt,2014,7,35.0
111,Alkoholunfälle,insgesamt,2014,8,32.0
112,Alkoholunfälle,insgesamt,2014,9,43.0
113,Alkoholunfälle,insgesamt,2014,10,36.0
114,Alkoholunfälle,insgesamt,2014,11,42.0
115,Alkoholunfälle,insgesamt,2014,12,25.0
117,Alkoholunfälle,insgesamt,2013,1,17.0
118,Alkoholunfälle,insgesamt,2013,2,15.0
119,Alkoholunfälle,insgesamt,2013,3,21.0
120,Alkoholunfälle,insgesamt,2013,4,28.0
121,Alkoholunfälle,insgesamt,2013,5,33.0
122,Alkoholunfälle,insgesamt,2013,6,37.0
123,Alkoholunfälle,insgesamt,2013,7,42.0
124,Alkoholunfälle,insgesamt,2013,8,39.0
125,Alkoholunfälle,insgesamt,2013,9,47.0
126,Alkoholunfälle,insgesamt,2013,10,31.0
127,Alkoholunfälle,insgesamt,2013,11,35.0
128,Alkoholunfälle,insgesamt,2013,12,32.0
130,Alkoholunfälle,insgesamt,2012,1,21.0
131,Alkoholunfälle,insgesamt,2012,2,18.0
132,Alkoholunfälle,insgesamt,2012,3,21.0
133,Alkoholunfälle,insgesamt,2012,4,34.0
134,Alkoholunfälle,insgesamt,2012,5,54.0
135,Alkoholunfälle,insgesamt,2012,6,43.0
136,Alkoholunfälle,insgesamt,2012,7,56.0
137,Alkoholunfälle,insgesamt,2012,8,55.0
138,Alkoholunfälle,insgesamt,2012,9,49.0
139,Alkoholunfälle,insgesamt,2012,10,32.0
140,Alkoholunfälle,insgesamt,2012,11,30.0
141,Alkoholunfälle,insgesamt,2012,12,27.0
143,Alkoholunfälle,insgesamt,2011,1,25.0
144,Alkoholunfälle,insgesamt,2011,2,25.0
145,Alkoholunfälle,insgesamt,2011,3,22.0
146,Alkoholunfälle,insgesamt,2011,4,43.0
147,Alkoholunfälle,insgesamt,2011,5,43.0
148,Alkoholunfälle,insgesamt,2011,6,27.0
149,Alkoholunfälle,insgesamt,2011,7,39.0
150,Alkoholunfälle,insgesamt,2011,8,34.0
151,Alkoholunfälle,insgesamt,2011,9,36.0
152,Alkoholunfälle,insgesamt,2011,10,26.0
153,Alkoholunfälle,insgesamt,2011,11,40.0
154,Alkoholunfälle,insgesamt,2011,12,37.0
156,Alkoholunfälle,insgesamt,2010,1,19.0
157,Alkoholunfälle,insgesamt,2010,2,23.0
158,Alkoholunfälle,insgesamt,2010,3,31.0
159,Alkoholunfälle,insgesamt,2010,4,33.0
160,Alkoholunfälle,insgesamt,2010,5,34.0
161,Alkoholunfälle,insgesamt,2010,6,39.0
162,Alkoholunfälle,insgesamt,2010,7,48.0
163,Alkoholunfälle,insgesamt,2010,8,40.0
164,Alkoholunfälle,insgesamt,2010,9,54.0
165,Alkoholunfälle,insgesamt,2010,10,27.0
166,Alkoholunfälle,insgesamt,2010,11,28.0
167,Alkoholunfälle,insgesamt,2010,12,26.0
169,Alkoholunfälle,insgesamt,2009,1,23.0
170,Alkoholunfälle,insgesamt,2009,2,32.0
171,Alkoholunfälle,insgesamt,2009,3,14.0
172,Alkoholunfälle,insgesamt,2009,4,45.0
173,Alkoholunfälle,insgesamt,2009,5,57.0
174,Alkoholunfälle,insgesamt,2009,6,31.0
175,Alkoholunfälle,insgesamt,2009,7,44.0
176,Alkoholunfälle,insgesamt,2009,8,35.0
177,Alkoholunfälle,insgesamt,2009,9,49.0
178,Alkoholunfälle,insgesamt,2009,10,35.0
179,Alkoholunfälle,insgesamt,2009,11,31.0
180,Alkoholunfälle,insgesamt,2009,12,34.0
182,Alkoholunfälle,insgesamt,2008,1,32.0
183,Alkoholunfälle,insgesamt,2008,2,30.0
184,Alkoholunfälle,insgesamt,2008,3,30.0
185,Alkoholunfälle,insgesamt,2008,4,25.0
186,Alkoholunfälle,insgesamt,2008,5,57.0
187,Alkoholunfälle,insgesamt,2008,6,56.0
188,Alkoholunfälle,insgesamt,2008,7,52.0
189,Alkoholunfälle,insgesamt,2008,8,44.0
190,Alkoholunfälle,insgesamt,2008,9,49.0
191,Alkoholunfälle,insgesamt,2008,10,45.0
192,Alkoholunfälle,insgesamt,2008,11,27.0
193,Alkoholunfälle,insgesamt,2008,12,35.0
195,Alkoholunfälle,insgesamt,2007,1,36.0
196,Alkoholunfälle,insgesamt,2007,2,32.0
197,Alkoholunfälle,insgesamt,2007,3,38.0
198,Alkoholunfälle,insgesamt,2007,4,49.0
199,Alkoholunfälle,insgesamt,2007,5,63.0
200,Alkoholunfälle,insgesamt,2007,6,51.0
201,Alkoholunfälle,insgesamt,2007,7,65.0
202,Alkoholunfälle,insgesamt,2007,8,44.0
203,Alkoholunfälle,insgesamt,2007,9,54.0
204,Alkoholunfälle,insgesamt,2007,10,55.0
205,Alkoholunfälle,insgesamt,2007,11,36.0
206,Alkoholunfälle,insgesamt,2007,12,37.0
208,Alkoholunfälle,insgesamt,2006,1,44.0
209,Alkoholunfälle,insgesamt,2006,2,50.0
210,Alkoholunfälle,insgesamt,2006,3,40.0
211,Alkoholunfälle,insgesamt,2006,4,40.0
212,Alkoholunfälle,insgesamt,2006,5,53.0
213,Alkoholunfälle,insgesamt,2006,6,51.0
214,Alkoholunfälle,insgesamt,2006,7,64.0
215,Alkoholunfälle,insgesamt,2006,8,48.0
216,Alkoholunfälle,insgesamt,2006,9,64.0
217,Alkoholunfälle,insgesamt,2006,10,45.0
218,Alkoholunfälle,insgesamt,2006,11,48.0
219,Alkoholunfälle,insgesamt,2006,12,52.0
221,Alkoholunfälle,insgesamt,2005,1,48.0
222,Alkoholunfälle,insgesamt,2005,2,40.0
223,Alkoholunfälle,insgesamt,2005,3,40.0
224,Alkoholunfälle,insgesamt,2005,4,40.0
225,Alkoholunfälle,insgesamt,2005,5,48.0
226,Alkoholunfälle,insgesamt,2005,6,57.0
227,Alkoholunfälle,insgesamt,2005,7,63.0
228,Alkoholunfälle,insgesamt,2005,8,48.0
229,Alkoholunfälle,insgesamt,2005,9,76.0
230,Alkoholunfälle,insgesamt,2005,10,57.0
231,Alkoholunfälle,insgesamt,2005,11,42.0
232,Alkoholunfälle,insgesamt,2005,12,41.0
234,Alkoholunfälle,insgesamt,2004,1,42.0
235,Alkoholunfälle,insgesamt,2004,2,48.0
236,Alkoholunfälle,insgesamt,2004,3,44.0
237,Alkoholunfälle,insgesamt,2004,4,37.0
238,Alkoholunfälle,insgesamt,2004,5,55.0
239,Alkoholunfälle,insgesamt,2004,6,58.0
240,Alkoholunfälle,insgesamt,2004,7,67.0
241,Alkoholunfälle,insgesamt,2004,8,58.0
242,Alkoholunfälle,insgesamt,2004,9,79.0
243,Alkoholunfälle,insgesamt,2004,10,68.0
244,Alkoholunfälle,insgesamt,2004,11,51.0
245,Alkoholunfälle,insgesamt,2004,12,52.0
247,Alkoholunfälle,insgesamt,2003,1,55.0
248,Alkoholunfälle,insgesamt,2003,2,44.0
249,Alkoholunfälle,insgesamt,2003,3,53.0
250,Alkoholunfälle,insgesamt,2003,4,50.0
251,Alkoholunfälle,insgesamt,2003,5,65.0
252,Alkoholunfälle,insgesamt,2003,6,82.0
253,Alkoholunfälle,insgesamt,2003,7,76.0
254,Alkoholunfälle,insgesamt,2003,8,66.0
255,Alkoholunfälle,insgesamt,2003,9,63.0
256,Alkoholunfälle,insgesamt,2003,10,74.0
257,Alkoholunfälle,insgesamt,2003,11,44.0
258,Alkoholunfälle,insgesamt,2003,12,58.0
260,Alkoholunfälle,insgesamt,2002,1,44.0
261,Alkoholunfälle,insgesamt,2002,2,49.0
262,Alkoholunfälle,insgesamt,2002,3,61.0
263,Alkoholunfälle,insgesamt,2002,4,65.0
264,Alkoholunfälle,insgesamt,2002,5,58.0
265,Alkoholunfälle,insgesamt,2002,6,74.0
266,Alkoholunfälle,insgesamt,2002,7,84.0
267,Alkoholunfälle,insgesamt,2002,8,71.0
268,Alkoholunfälle,insgesamt,2002,9,107.0
269,Alkoholunfälle,insgesamt,2002,10,83.0
270,Alkoholunfälle,insgesamt,2002,11,44.0
271,Alkoholunfälle,insgesamt,2002,12,63.0
273,Alkoholunfälle,insgesamt,2001,1,66.0
274,Alkoholunfälle,insgesamt,2001,2,49.0
275,Alkoholunfälle,insgesamt,2001,3,63.0
276,Alkoholunfälle,insgesamt,2001,4,68.0
277,Alkoholunfälle,insgesamt,2001,5,85.0
278,Alkoholunfälle,insgesamt,2001,6,68.0
279,Alkoholunfälle,insgesamt,2001,7,71.0
280,Alkoholunfälle,insgesamt,2001,8,60.0
281,Alkoholunfälle,insgesamt,2001,9,107.0
282,Alkoholunfälle,insgesamt,2001,10,77.0
283,Alkoholunfälle,insgesamt,2001,11,68.0
284,Alkoholunfälle,insgesamt,2001,12,66.0
286,Alkoholunfälle,insgesamt,2000,1,78.0
287,Alkoholunfälle,insgesamt,2000,2,53.0
288,Alkoholunfälle,insgesamt,2000,3,73.0
289,Alkoholunfälle,insgesamt,2000,4,78.0
290,Alkoholunfälle,insgesamt,2000,5,96.0
291,Alkoholunfälle,insgesamt,2000,6,57.0
292,Alkoholunfälle,insgesamt,2000,7,99.0
293,Alkoholunfälle,insgesamt,2000,8,77.0
294,Alkoholunfälle,insgesamt,2000,9,84.0
295,Alkoholunfälle,insgesamt,2000,10,83.0
296,Alkoholunfälle,insgesamt,2000,11,71.0
297,Alkoholunfälle,insgesamt,2000,12,85.0
324,Alkoholunfälle,Verletzte und Getötete,2020,1,11.0
325,Alkoholunfälle,Verletzte und Getötete,2020,2,19.0
326,Alkoholunfälle,Verletzte und Getötete,2020,3,13.0
327,Alkoholunfälle,Verletzte und Getötete,2020,4,15.0
328,Alkoholunfälle,Verletzte und Getötete,2020,5,26.0
329,Alkoholunfälle,Verletzte und Getötete,2020,6,30.0
330,Alkoholunfälle,Verletzte und Getötete,2020,7,43.0
331,Alkoholunfälle,Verletzte und Getötete,2020,8,29.0
332,Alkoholunfälle,Verletzte und Getötete,2020,9,24.0
333,Alkoholunfälle,Verletzte und Getötete,2020,10,20.0
334,Alkoholunfälle,Verletzte und Getötete,2020,11,11.0
335,Alkoholunfälle,Verletzte und Getötete,2020,12,9.0
337,Alkoholunfälle,Verletzte und Getötete,2019,1,7.0
338,Alkoholunfälle,Verletzte und Getötete,2019,2,7.0
339,Alkoholunfälle,Verletzte und Getötete,2019,3,22.0
340,Alkoholunfälle,Verletzte und Getötete,2019,4,18.0
341,Alkoholunfälle,Verletzte und Getötete,2019,5,21.0
342,Alkoholunfälle,Verletzte und Getötete,2019,6,24.0
343,Alkoholunfälle,Verletzte und Getötete,2019,7,34.0
344,Alkoholunfälle,Verletzte und Getötete,2019,8,23.0
345,Alkoholunfälle,Verletzte und Getötete,2019,9,20.0
346,Alkoholunfälle,Verletzte und Getötete,2019,10,20.0
347,Alkoholunfälle,Verletzte und Getötete,2019,11,19.0
348,Alkoholunfälle,Verletzte und Getötete,2019,12,12.0
350,Alkoholunfälle,Verletzte und Getötete,2018,1,8.0
351,Alkoholunfälle,Verletzte und Getötete,2018,2,13.0
352,Alkoholunfälle,Verletzte und Getötete,2018,3,12.0
353,Alkoholunfälle,Verletzte und Getötete,2018,4,8.0
354,Alkoholunfälle,Verletzte und Getötete,2018,5,23.0
355,Alkoholunfälle,Verletzte und Getötete,2018,6,14.0
356,Alkoholunfälle,Verletzte und Getötete,2018,7,29.0
357,Alkoholunfälle,Verletzte und Getötete,2018,8,18.0
358,Alkoholunfälle,Verletzte und Getötete,2018,9,22.0
359,Alkoholunfälle,Verletzte und Getötete,2018,10,16.0
360,Alkoholunfälle,Verletzte und Getötete,2018,11,13.0
361,Alkoholunfälle,Verletzte und Getötete,2018,12,6.0
363,Alkoholunfälle,Verletzte und Getötete,2017,1,4.0
364,Alkoholunfälle,Verletzte und Getötete,2017,2,4.0
365,Alkoholunfälle,Verletzte und Getötete,2017,3,15.0
366,Alkoholunfälle,Verletzte und Getötete,2017,4,10.0
367,Alkoholunfälle,Verletzte und Getötete,2017,5,16.0
368,Alkoholunfälle,Verletzte und Getötete,2017,6,27.0
369,Alkoholunfälle,Verletzte und Getötete,2017,7,18.0
370,Alkoholunfälle,Verletzte und Getötete,2017,8,14.0
371,Alkoholunfälle,Verletzte und Getötete,2017,9,22.0
372,Alkoholunfälle,Verletzte und Getötete,2017,10,16.0
373,Alkoholunfälle,Verletzte und Getötete,2017,11,13.0
374,Alkoholunfälle,Verletzte und Getötete,2017,12,17.0
376,Alkoholunfälle,Verletzte und Getötete,2016,1,6.0
377,Alkoholunfälle,Verletzte und Getötete,2016,2,3.0
378,Alkoholunfälle,Verletzte und Getötete,2016,3,6.0
379,Alkoholunfälle,Verletzte und Getötete,2016,4,8.0
380,Alkoholunfälle,Verletzte und Getötete,2016,5,17.0
381,Alkoholunfälle,Verletzte und Getötete,2016,6,19.0
382,Alkoholunfälle,Verletzte und Getötete,2016,7,23.0
383,Alkoholunfälle,Verletzte und Getötete,2016,8,12.0
384,Alkoholunfälle,Verletzte und Getötete,2016,9,22.0
385,Alkoholunfälle,Verletzte und Getötete,2016,10,11.0
386,Alkoholunfälle,Verletzte und Getötete,2016,11,7.0
387,Alkoholunfälle,Verletzte und Getötete,2016,12,10.0
389,Alkoholunfälle,Verletzte und Getötete,2015,1,21.0
390,Alkoholunfälle,Verletzte und Getötete,2015,2,3.0
391,Alkoholunfälle,Verletzte und Getötete,2015,3,9.0
392,Alkoholunfälle,Verletzte und Getötete,2015,4,23.0
393,Alkoholunfälle,Verletzte und Getötete,2015,5,30.0
394,Alkoholunfälle,Verletzte und Getötete,2015,6,19.0
395,Alkoholunfälle,Verletzte und Getötete,2015,7,37.0
396,Alkoholunfälle,Verletzte und Getötete,2015,8,29.0
397,Alkoholunfälle,Verletzte und Getötete,2015,9,25.0
398,Alkoholunfälle,Verletzte und Getötete,2015,10,12.0
399,Alkoholunfälle,Verletzte und Getötete,2015,11,11.0
400,Alkoholunfälle,Verletzte und Getötete,2015,12,6.0
402,Alkoholunfälle,Verletzte und Getötete,2014,1,4.0
403,Alkoholunfälle,Verletzte und Getötete,2014,2,7.0
404,Alkoholunfälle,Verletzte und Getötete,2014,3,16.0
405,Alkoholunfälle,Verletzte und Getötete,2014,4,15.0
406,Alkoholunfälle,Verletzte und Getötete,2014,5,19.0
407,Alkoholunfälle,Verletzte und Getötete,2014,6,16.0
408,Alkoholunfälle,Verletzte und Getötete,2014,7,21.0
409,Alkoholunfälle,Verletzte und Getötete,2014,8,13.0
410,Alkoholunfälle,Verletzte und Getötete,2014,9,18.0
411,Alkoholunfälle,Verletzte und Getötete,2014,10,21.0
412,Alkoholunfälle,Verletzte und Getötete,2014,11,14.0
413,Alkoholunfälle,Verletzte und Getötete,2014,12,3.0
415,Alkoholunfälle,Verletzte und Getötete,2013,1,2.0
416,Alkoholunfälle,Verletzte und Getötete,2013,2,0.0
417,Alkoholunfälle,Verletzte und Getötete,2013,3,8.0
418,Alkoholunfälle,Verletzte und Getötete,2013,4,5.0
419,Alkoholunfälle,Verletzte und Getötete,2013,5,21.0
420,Alkoholunfälle,Verletzte und Getötete,2013,6,20.0
421,Alkoholunfälle,Verletzte und Getötete,2013,7,24.0
422,Alkoholunfälle,Verletzte und Getötete,2013,8,22.0
423,Alkoholunfälle,Verletzte und Getötete,2013,9,17.0
424,Alkoholunfälle,Verletzte und Getötete,2013,10,12.0
425,Alkoholunfälle,Verletzte und Getötete,2013,11,12.0
426,Alkoholunfälle,Verletzte und Getötete,2013,12,10.0
428,Alkoholunfälle,Verletzte und Getötete,2012,1,11.0
429,Alkoholunfälle,Verletzte und Getötete,2012,2,5.0
430,Alkoholunfälle,Verletzte und Getötete,2012,3,5.0
431,Alkoholunfälle,Verletzte und Getötete,2012,4,22.0
432,Alkoholunfälle,Verletzte und Getötete,2012,5,33.0
433,Alkoholunfälle,Verletzte und Getötete,2012,6,35.0
434,Alkoholunfälle,Verletzte und Getötete,2012,7,30.0
435,Alkoholunfälle,Verletzte und Getötete,2012,8,31.0
436,Alkoholunfälle,Verletzte und Getötete,2012,9,24.0
437,Alkoholunfälle,Verletzte und Getötete,2012,10,6.0
438,Alkoholunfälle,Verletzte und Getötete,2012,11,10.0
439,Alkoholunfälle,Verletzte und Getötete,2012,12,11.0
441,Alkoholunfälle,Verletzte und Getötete,2011,1,16.0
442,Alkoholunfälle,Verletzte und Getötete,2011,2,7.0
443,Alkoholunfälle,Verletzte und Getötete,2011,3,9.0
444,Alkoholunfälle,Verletzte und Getötete,2011,4,27.0
445,Alkoholunfälle,Verletzte und Getötete,2011,5,20.0
446,Alkoholunfälle,Verletzte und Getötete,2011,6,21.0
447,Alkoholunfälle,Verletzte und Getötete,2011,7,27.0
448,Alkoholunfälle,Verletzte und Getötete,2011,8,17.0
449,Alkoholunfälle,Verletzte und Getötete,2011,9,22.0
450,Alkoholunfälle,Verletzte und Getötete,2011,10,10.0
451,Alkoholunfälle,Verletzte und Getötete,2011,11,16.0
452,Alkoholunfälle,Verletzte und Getötete,2011,12,6.0
454,Alkoholunfälle,Verletzte und Getötete,2010,1,7.0
455,Alkoholunfälle,Verletzte und Getötete,2010,2,10.0
456,Alkoholunfälle,Verletzte und Getötete,2010,3,12.0
457,Alkoholunfälle,Verletzte und Getötete,2010,4,25.0
458,Alkoholunfälle,Verletzte und Getötete,2010,5,15.0
459,Alkoholunfälle,Verletzte und Getötete,2010,6,20.0
460,Alkoholunfälle,Verletzte und Getötete,2010,7,29.0
461,Alkoholunfälle,Verletzte und Getötete,2010,8,25.0
462,Alkoholunfälle,Verletzte und Getötete,2010,9,26.0
463,Alkoholunfälle,Verletzte und Getötete,2010,10,13.0
464,Alkoholunfälle,Verletzte und Getötete,2010,11,7.0
465,Alkoholunfälle,Verletzte und Getötete,2010,12,12.0
467,Alkoholunfälle,Verletzte und Getötete,2009,1,7.0
468,Alkoholunfälle,Verletzte und Getötete,2009,2,12.0
469,Alkoholunfälle,Verletzte und Getötete,2009,3,5.0
470,Alkoholunfälle,Verletzte und Getötete,2009,4,31.0
471,Alkoholunfälle,Verletzte und Getötete,2009,5,34.0
472,Alkoholunfälle,Verletzte und Getötete,2009,6,19.0
473,Alkoholunfälle,Verletzte und Getötete,2009,7,27.0
474,Alkoholunfälle,Verletzte und Getötete,2009,8,26.0
475,Alkoholunfälle,Verletzte und Getötete,2009,9,18.0
476,Alkoholunfälle,Verletzte und Getötete,2009,10,15.0
477,Alkoholunfälle,Verletzte und Getötete,2009,11,5.0
478,Alkoholunfälle,Verletzte und Getötete,2009,12,14.0
480,Alkoholunfälle,Verletzte und Getötete,2008,1,8.0
481,Alkoholunfälle,Verletzte und Getötete,2008,2,16.0
482,Alkoholunfälle,Verletzte und Getötete,2008,3,9.0
483,Alkoholunfälle,Verletzte und Getötete,2008,4,10.0
484,Alkoholunfälle,Verletzte und Getötete,2008,5,37.0
485,Alkoholunfälle,Verletzte und Getötete,2008,6,32.0
486,Alkoholunfälle,Verletzte und Getötete,2008,7,24.0
487,Alkoholunfälle,Verletzte und Getötete,2008,8,23.0
488,Alkoholunfälle,Verletzte und Getötete,2008,9,28.0
489,Alkoholunfälle,Verletzte und Getötete,2008,10,19.0
490,Alkoholunfälle,Verletzte und Getötete,2008,11,14.0
491,Alkoholunfälle,Verletzte und Getötete,2008,12,20.0
493,Alkoholunfälle,Verletzte und Getötete,2007,1,13.0
494,Alkoholunfälle,Verletzte und Getötete,2007,2,15.0
495,Alkoholunfälle,Verletzte und Getötete,2007,3,14.0
496,Alkoholunfälle,Verletzte und Getötete,2007,4,27.0
497,Alkoholunfälle,Verletzte und Getötete,2007,5,39.0
498,Alkoholunfälle,Verletzte und Getötete,2007,6,27.0
499,Alkoholunfälle,Verletzte und Getötete,2007,7,38.0
500,Alkoholunfälle,Verletzte und Getötete,2007,8,20.0
501,Alkoholunfälle,Verletzte und Getötete,2007,9,24.0
502,Alkoholunfälle,Verletzte und Getötete,2007,10,18.0
503,Alkoholunfälle,Verletzte und Getötete,2007,11,26.0
504,Alkoholunfälle,Verletzte und Getötete,2007,12,20.0
506,Alkoholunfälle,Verletzte und Getötete,2006,1,21.0
507,Alkoholunfälle,Verletzte und Getötete,2006,2,21.0
508,Alkoholunfälle,Verletzte und Getötete,2006,3,14.0
509,Alkoholunfälle,Verletzte und Getötete,2006,4,16.0
510,Alkoholunfälle,Verletzte und Getötete,2006,5,28.0
511,Alkoholunfälle,Verletzte und Getötete,2006,6,22.0
512,Alkoholunfälle,Verletzte und Getötete,2006,7,37.0
513,Alkoholunfälle,Verletzte und Getötete,2006,8,25.0
514,Alkoholunfälle,Verletzte und Getötete,2006,9,35.0
515,Alkoholunfälle,Verletzte und Getötete,2006,10,24.0
516,Alkoholunfälle,Verletzte und Getötete,2006,11,22.0
517,Alkoholunfälle,Verletzte und Getötete,2006,12,21.0
519,Alkoholunfälle,Verletzte und Getötete,2005,1,13.0
520,Alkoholunfälle,Verletzte und Getötete,2005,2,14.0
521,Alkoholunfälle,Verletzte und Getötete,2005,3,13.0
522,Alkoholunfälle,Verletzte und Getötete,2005,4,19.0
523,Alkoholunfälle,Verletzte und Getötete,2005,5,21.0
524,Alkoholunfälle,Verletzte und Getötete,2005,6,31.0
525,Alkoholunfälle,Verletzte und Getötete,2005,7,26.0
526,Alkoholunfälle,Verletzte und Getötete,2005,8,33.0
527,Alkoholunfälle,Verletzte und Getötete,2005,9,50.0
528,Alkoholunfälle,Verletzte und Getötete,2005,10,35.0
529,Alkoholunfälle,Verletzte und Getötete,2005,11,14.0
530,Alkoholunfälle,Verletzte und Getötete,2005,12,12.0
532,Alkoholunfälle,Verletzte und Getötete,2004,1,10.0
533,Alkoholunfälle,Verletzte und Getötete,2004,2,21.0
534,Alkoholunfälle,Verletzte und Getötete,2004,3,18.0
535,Alkoholunfälle,Verletzte und Getötete,2004,4,10.0
536,Alkoholunfälle,Verletzte und Getötete,2004,5,30.0
537,Alkoholunfälle,Verletzte und Getötete,2004,6,25.0
538,Alkoholunfälle,Verletzte und Getötete,2004,7,44.0
539,Alkoholunfälle,Verletzte und Getötete,2004,8,47.0
540,Alkoholunfälle,Verletzte und Getötete,2004,9,41.0
541,Alkoholunfälle,Verletzte und Getötete,2004,10,26.0
542,Alkoholunfälle,Verletzte und Getötete,2004,11,20.0
543,Alkoholunfälle,Verletzte und Getötete,2004,12,12.0
545,Alkoholunfälle,Verletzte und Getötete,2003,1,18.0
546,Alkoholunfälle,Verletzte und Getötete,2003,2,16.0
547,Alkoholunfälle,Verletzte und Getötete,2003,3,17.0
548,Alkoholunfälle,Verletzte und Getötete,2003,4,25.0
549,Alkoholunfälle,Verletzte und Getötete,2003,5,26.0
550,Alkoholunfälle,Verletzte und Getötete,2003,6,41.0
551,Alkoholunfälle,Verletzte und Getötete,2003,7,35.0
552,Alkoholunfälle,Verletzte und Getötete,2003,8,40.0
553,Alkoholunfälle,Verletzte und Getötete,2003,9,26.0
554,Alkoholunfälle,Verletzte und Getötete,2003,10,17.0
555,Alkoholunfälle,Verletzte und Getötete,2003,11,31.0
556,Alkoholunfälle,Verletzte und Getötete,2003,12,27.0
558,Alkoholunfälle,Verletzte und Getötete,2002,1,24.0
559,Alkoholunfälle,Verletzte und Getötete,2002,2,22.0
560,Alkoholunfälle,Verletzte und Getötete,2002,3,21.0
561,Alkoholunfälle,Verletzte und Getötete,2002,4,28.0
562,Alkoholunfälle,Verletzte und Getötete,2002,5,32.0
563,Alkoholunfälle,Verletzte und Getötete,2002,6,42.0
564,Alkoholunfälle,Verletzte und Getötete,2002,7,40.0
565,Alkoholunfälle,Verletzte und Getötete,2002,8,29.0
566,Alkoholunfälle,Verletzte und Getötete,2002,9,51.0
567,Alkoholunfälle,Verletzte und Getötete,2002,10,53.0
568,Alkoholunfälle,Verletzte und Getötete,2002,11,10.0
569,Alkoholunfälle,Verletzte und Getötete,2002,12,27.0
571,Alkoholunfälle,Verletzte und Getötete,2001,1,36.0
572,Alkoholunfälle,Verletzte und Getötete,2001,2,20.0
573,Alkoholunfälle,Verletzte und Getötete,2001,3,36.0
574,Alkoholunfälle,Verletzte und Getötete,2001,4,32.0
575,Alkoholunfälle,Verletzte und Getötete,2001,5,32.0
576,Alkoholunfälle,Verletzte und Getötete,2001,6,46.0
577,Alkoholunfälle,Verletzte und Getötete,2001,7,35.0
578,Alkoholunfälle,Verletzte und Getötete,2001,8,21.0
579,Alkoholunfälle,Verletzte und Getötete,2001,9,48.0
580,Alkoholunfälle,Verletzte und Getötete,2001,10,37.0
581,Alkoholunfälle,Verletzte und Getötete,2001,11,25.0
582,Alkoholunfälle,Verletzte und Getötete,2001,12,23.0
584,Alkoholunfälle,Verletzte und Getötete,2000,1,37.0
585,Alkoholunfälle,Verletzte und Getötete,2000,2,19.0
586,Alkoholunfälle,Verletzte und Getötete,2000,3,18.0
587,Alkoholunfälle,Verletzte und Getötete,2000,4,26.0
588,Alkoholunfälle,Verletzte und Getötete,2000,5,44.0
589,Alkoholunfälle,Verletzte und Getötete,2000,6,32.0
590,Alkoholunfälle,Verletzte und Getötete,2000,7,37.0
591,Alkoholunfälle,Verletzte und Getötete,2000,8,32.0
592,Alkoholunfälle,Verletzte und Getötete,2000,9,45.0
593,Alkoholunfälle,Verletzte und Getötete,2000,10,31.0
594,Alkoholunfälle,Verletzte und Getötete,2000,11,24.0
595,Alkoholunfälle,Verletzte und Getötete,2000,12,31.0
622,Fluchtunfälle,insgesamt,2020,1,791.0
623,Fluchtunfälle,insgesamt,2020,2,870.0
624,Fluchtunfälle,insgesamt,2020,3,744.0
625,Fluchtunfälle,insgesamt,2020,4,607.0
626,Fluchtunfälle,insgesamt,2020,5,859.0
627,Fluchtunfälle,insgesamt,2020,6,905.0
628,Fluchtunfälle,insgesamt,2020,7,1010.0
629,Fluchtunfälle,insgesamt,2020,8,735.0
630,Fluchtunfälle,insgesamt,2020,9,948.0
631,Fluchtunfälle,insgesamt,2020,10,997.0
632,Fluchtunfälle,insgesamt,2020,11,864.0
633,Fluchtunfälle,insgesamt,2020,12,694.0
635,Fluchtunfälle,insgesamt,2019,1,927.0
636,Fluchtunfälle,insgesamt,2019,2,883.0
637,Fluchtunfälle,insgesamt,2019,3,1005.0
638,Fluchtunfälle,insgesamt,2019,4,967.0
639,Fluchtunfälle,insgesamt,2019,5,1014.0
640,Fluchtunfälle,insgesamt,2019,6,994.0
641,Fluchtunfälle,insgesamt,2019,7,1187.0
642,Fluchtunfälle,insgesamt,2019,8,820.0
643,Fluchtunfälle,insgesamt,2019,9,996.0
644,Fluchtunfälle,insgesamt,2019,10,1088.0
645,Fluchtunfälle,insgesamt,2019,11,967.0
646,Fluchtunfälle,insgesamt,2019,12,925.0
648,Fluchtunfälle,insgesamt,2018,1,860.0
649,Fluchtunfälle,insgesamt,2018,2,774.0
650,Fluchtunfälle,insgesamt,2018,3,954.0
651,Fluchtunfälle,insgesamt,2018,4,1010.0
652,Fluchtunfälle,insgesamt,2018,5,994.0
653,Fluchtunfälle,insgesamt,2018,6,1034.0
654,Fluchtunfälle,insgesamt,2018,7,1151.0
655,Fluchtunfälle,insgesamt,2018,8,813.0
656,Fluchtunfälle,insgesamt,2018,9,1102.0
657,Fluchtunfälle,insgesamt,2018,10,1127.0
658,Fluchtunfälle,insgesamt,2018,11,929.0
659,Fluchtunfälle,insgesamt,2018,12,900.0
661,Fluchtunfälle,insgesamt,2017,1,690.0
662,Fluchtunfälle,insgesamt,2017,2,846.0
663,Fluchtunfälle,insgesamt,2017,3,1060.0
664,Fluchtunfälle,insgesamt,2017,4,895.0
665,Fluchtunfälle,insgesamt,2017,5,1070.0
666,Fluchtunfälle,insgesamt,2017,6,948.0
667,Fluchtunfälle,insgesamt,2017,7,1064.0
668,Fluchtunfälle,insgesamt,2017,8,831.0
669,Fluchtunfälle,insgesamt,2017,9,1009.0
670,Fluchtunfälle,insgesamt,2017,10,1052.0
671,Fluchtunfälle,insgesamt,2017,11,925.0
672,Fluchtunfälle,insgesamt,2017,12,873.0
674,Fluchtunfälle,insgesamt,2016,1,777.0
675,Fluchtunfälle,insgesamt,2016,2,775.0
676,Fluchtunfälle,insgesamt,2016,3,898.0
677,Fluchtunfälle,insgesamt,2016,4,998.0
678,Fluchtunfälle,insgesamt,2016,5,850.0
679,Fluchtunfälle,insgesamt,2016,6,1018.0
680,Fluchtunfälle,insgesamt,2016,7,1095.0
681,Fluchtunfälle,insgesamt,2016,8,958.0
682,Fluchtunfälle,insgesamt,2016,9,958.0
683,Fluchtunfälle,insgesamt,2016,10,1022.0
684,Fluchtunfälle,insgesamt,2016,11,960.0
685,Fluchtunfälle,insgesamt,2016,12,870.0
687,Fluchtunfälle,insgesamt,2015,1,781.0
688,Fluchtunfälle,insgesamt,2015,2,713.0
689,Fluchtunfälle,insgesamt,2015,3,908.0
690,Fluchtunfälle,insgesamt,2015,4,966.0
691,Fluchtunfälle,insgesamt,2015,5,940.0
692,Fluchtunfälle,insgesamt,2015,6,952.0
693,Fluchtunfälle,insgesamt,2015,7,1176.0
694,Fluchtunfälle,insgesamt,2015,8,864.0
695,Fluchtunfälle,insgesamt,2015,9,1007.0
696,Fluchtunfälle,insgesamt,2015,10,1110.0
697,Fluchtunfälle,insgesamt,2015,11,991.0
698,Fluchtunfälle,insgesamt,2015,12,950.0
700,Fluchtunfälle,insgesamt,2014,1,778.0
701,Fluchtunfälle,insgesamt,2014,2,742.0
702,Fluchtunfälle,insgesamt,2014,3,993.0
703,Fluchtunfälle,insgesamt,2014,4,946.0
704,Fluchtunfälle,insgesamt,2014,5,925.0
705,Fluchtunfälle,insgesamt,2014,6,880.0
706,Fluchtunfälle,insgesamt,2014,7,1029.0
707,Fluchtunfälle,insgesamt,2014,8,802.0
708,Fluchtunfälle,insgesamt,2014,9,936.0
709,Fluchtunfälle,insgesamt,2014,10,1042.0
710,Fluchtunfälle,insgesamt,2014,11,943.0
711,Fluchtunfälle,insgesamt,2014,12,830.0
713,Fluchtunfälle,insgesamt,2013,1,796.0
714,Fluchtunfälle,insgesamt,2013,2,773.0
715,Fluchtunfälle,insgesamt,2013,3,906.0
716,Fluchtunfälle,insgesamt,2013,4,1038.0
717,Fluchtunfälle,insgesamt,2013,5,848.0
718,Fluchtunfälle,insgesamt,2013,6,1055.0
719,Fluchtunfälle,insgesamt,2013,7,1138.0
720,Fluchtunfälle,insgesamt,2013,8,791.0
721,Fluchtunfälle,insgesamt,2013,9,1000.0
722,Fluchtunfälle,insgesamt,2013,10,1074.0
723,Fluchtunfälle,insgesamt,2013,11,939.0
724,Fluchtunfälle,insgesamt,2013,12,828.0
726,Fluchtunfälle,insgesamt,2012,1,713.0
727,Fluchtunfälle,insgesamt,2012,2,714.0
728,Fluchtunfälle,insgesamt,2012,3,946.0
729,Fluchtunfälle,insgesamt,2012,4,919.0
730,Fluchtunfälle,insgesamt,2012,5,1035.0
731,Fluchtunfälle,insgesamt,2012,6,1041.0
732,Fluchtunfälle,insgesamt,2012,7,1045.0
733,Fluchtunfälle,insgesamt,2012,8,887.0
734,Fluchtunfälle,insgesamt,2012,9,921.0
735,Fluchtunfälle,insgesamt,2012,10,1090.0
736,Fluchtunfälle,insgesamt,2012,11,984.0
737,Fluchtunfälle,insgesamt,2012,12,810.0
739,Fluchtunfälle,insgesamt,2011,1,726.0
740,Fluchtunfälle,insgesamt,2011,2,760.0
741,Fluchtunfälle,insgesamt,2011,3,883.0
742,Fluchtunfälle,insgesamt,2011,4,835.0
743,Fluchtunfälle,insgesamt,2011,5,1034.0
744,Fluchtunfälle,insgesamt,2011,6,783.0
745,Fluchtunfälle,insgesamt,2011,7,951.0
746,Fluchtunfälle,insgesamt,2011,8,790.0
747,Fluchtunfälle,insgesamt,2011,9,906.0
748,Fluchtunfälle,insgesamt,2011,10,916.0
749,Fluchtunfälle,insgesamt,2011,11,842.0
750,Fluchtunfälle,insgesamt,2011,12,832.0
752,Fluchtunfälle,insgesamt,2010,1,613.0
753,Fluchtunfälle,insgesamt,2010,2,683.0
754,Fluchtunfälle,insgesamt,2010,3,829.0
755,Fluchtunfälle,insgesamt,2010,4,938.0
756,Fluchtunfälle,insgesamt,2010,5,743.0
757,Fluchtunfälle,insgesamt,2010,6,814.0
758,Fluchtunfälle,insgesamt,2010,7,932.0
759,Fluchtunfälle,insgesamt,2010,8,794.0
760,Fluchtunfälle,insgesamt,2010,9,955.0
761,Fluchtunfälle,insgesamt,2010,10,910.0
762,Fluchtunfälle,insgesamt,2010,11,827.0
763,Fluchtunfälle,insgesamt,2010,12,861.0
765,Fluchtunfälle,insgesamt,2009,1,512.0
766,Fluchtunfälle,insgesamt,2009,2,802.0
767,Fluchtunfälle,insgesamt,2009,3,607.0
768,Fluchtunfälle,insgesamt,2009,4,776.0
769,Fluchtunfälle,insgesamt,2009,5,768.0
770,Fluchtunfälle,insgesamt,2009,6,678.0
771,Fluchtunfälle,insgesamt,2009,7,991.0
772,Fluchtunfälle,insgesamt,2009,8,752.0
773,Fluchtunfälle,insgesamt,2009,9,846.0
774,Fluchtunfälle,insgesamt,2009,10,953.0
775,Fluchtunfälle,insgesamt,2009,11,835.0
776,Fluchtunfälle,insgesamt,2009,12,747.0
778,Fluchtunfälle,insgesamt,2008,1,727.0
779,Fluchtunfälle,insgesamt,2008,2,793.0
780,Fluchtunfälle,insgesamt,2008,3,763.0
781,Fluchtunfälle,insgesamt,2008,4,837.0
782,Fluchtunfälle,insgesamt,2008,5,871.0
783,Fluchtunfälle,insgesamt,2008,6,859.0
784,Fluchtunfälle,insgesamt,2008,7,832.0
785,Fluchtunfälle,insgesamt,2008,8,760.0
786,Fluchtunfälle,insgesamt,2008,9,747.0
787,Fluchtunfälle,insgesamt,2008,10,874.0
788,Fluchtunfälle,insgesamt,2008,11,625.0
789,Fluchtunfälle,insgesamt,2008,12,657.0
791,Fluchtunfälle,insgesamt,2007,1,699.0
792,Fluchtunfälle,insgesamt,2007,2,612.0
793,Fluchtunfälle,insgesamt,2007,3,411.0
794,Fluchtunfälle,insgesamt,2007,4,821.0
795,Fluchtunfälle,insgesamt,2007,5,858.0
796,Fluchtunfälle,insgesamt,2007,6,804.0
797,Fluchtunfälle,insgesamt,2007,7,935.0
798,Fluchtunfälle,insgesamt,2007,8,759.0
799,Fluchtunfälle,insgesamt,2007,9,797.0
800,Fluchtunfälle,insgesamt,2007,10,873.0
801,Fluchtunfälle,insgesamt,2007,11,868.0
802,Fluchtunfälle,insgesamt,2007,12,690.0
804,Fluchtunfälle,insgesamt,2006,1,708.0
805,Fluchtunfälle,insgesamt,2006,2,698.0
806,Fluchtunfälle,insgesamt,2006,3,1138.0
807,Fluchtunfälle,insgesamt,2006,4,750.0
808,Fluchtunfälle,insgesamt,2006,5,476.0
809,Fluchtunfälle,insgesamt,2006,6,565.0
810,Fluchtunfälle,insgesamt,2006,7,845.0
811,Fluchtunfälle,insgesamt,2006,8,774.0
812,Fluchtunfälle,insgesamt,2006,9,718.0
813,Fluchtunfälle,insgesamt,2006,10,599.0
814,Fluchtunfälle,insgesamt,2006,11,494.0
815,Fluchtunfälle,insgesamt,2006,12,864.0
817,Fluchtunfälle,insgesamt,2005,1,749.0
818,Fluchtunfälle,insgesamt,2005,2,961.0
819,Fluchtunfälle,insgesamt,2005,3,1115.0
820,Fluchtunfälle,insgesamt,2005,4,937.0
821,Fluchtunfälle,insgesamt,2005,5,902.0
822,Fluchtunfälle,insgesamt,2005,6,901.0
823,Fluchtunfälle,insgesamt,2005,7,951.0
824,Fluchtunfälle,insgesamt,2005,8,811.0
825,Fluchtunfälle,insgesamt,2005,9,1086.0
826,Fluchtunfälle,insgesamt,2005,10,962.0
827,Fluchtunfälle,insgesamt,2005,11,845.0
828,Fluchtunfälle,insgesamt,2005,12,817.0
830,Fluchtunfälle,insgesamt,2004,1,828.0
831,Fluchtunfälle,insgesamt,2004,2,723.0
832,Fluchtunfälle,insgesamt,2004,3,817.0
833,Fluchtunfälle,insgesamt,2004,4,875.0
834,Fluchtunfälle,insgesamt,2004,5,867.0
835,Fluchtunfälle,insgesamt,2004,6,859.0
836,Fluchtunfälle,insgesamt,2004,7,970.0
837,Fluchtunfälle,insgesamt,2004,8,784.0
838,Fluchtunfälle,insgesamt,2004,9,957.0
839,Fluchtunfälle,insgesamt,2004,10,1022.0
840,Fluchtunfälle,insgesamt,2004,11,903.0
841,Fluchtunfälle,insgesamt,2004,12,942.0
843,Fluchtunfälle,insgesamt,2003,1,747.0
844,Fluchtunfälle,insgesamt,2003,2,572.0
845,Fluchtunfälle,insgesamt,2003,3,854.0
846,Fluchtunfälle,insgesamt,2003,4,844.0
847,Fluchtunfälle,insgesamt,2003,5,763.0
848,Fluchtunfälle,insgesamt,2003,6,855.0
849,Fluchtunfälle,insgesamt,2003,7,562.0
850,Fluchtunfälle,insgesamt,2003,8,698.0
851,Fluchtunfälle,insgesamt,2003,9,945.0
852,Fluchtunfälle,insgesamt,2003,10,960.0
853,Fluchtunfälle,insgesamt,2003,11,953.0
854,Fluchtunfälle,insgesamt,2003,12,858.0
856,Fluchtunfälle,insgesamt,2002,1,852.0
857,Fluchtunfälle,insgesamt,2002,2,817.0
858,Fluchtunfälle,insgesamt,2002,3,897.0
859,Fluchtunfälle,insgesamt,2002,4,784.0
860,Fluchtunfälle,insgesamt,2002,5,857.0
861,Fluchtunfälle,insgesamt,2002,6,987.0
862,Fluchtunfälle,insgesamt,2002,7,1026.0
863,Fluchtunfälle,insgesamt,2002,8,785.0
864,Fluchtunfälle,insgesamt,2002,9,1039.0
865,Fluchtunfälle,insgesamt,2002,10,1019.0
866,Fluchtunfälle,insgesamt,2002,11,882.0
867,Fluchtunfälle,insgesamt,2002,12,706.0
869,Fluchtunfälle,insgesamt,2001,1,871.0
870,Fluchtunfälle,insgesamt,2001,2,820.0
871,Fluchtunfälle,insgesamt,2001,3,962.0
872,Fluchtunfälle,insgesamt,2001,4,897.0
873,Fluchtunfälle,insgesamt,2001,5,1081.0
874,Fluchtunfälle,insgesamt,2001,6,905.0
875,Fluchtunfälle,insgesamt,2001,7,1047.0
876,Fluchtunfälle,insgesamt,2001,8,814.0
877,Fluchtunfälle,insgesamt,2001,9,953.0
878,Fluchtunfälle,insgesamt,2001,10,1104.0
879,Fluchtunfälle,insgesamt,2001,11,1001.0
880,Fluchtunfälle,insgesamt,2001,12,941.0
882,Fluchtunfälle,insgesamt,2000,1,835.0
883,Fluchtunfälle,insgesamt,2000,2,890.0
884,Fluchtunfälle,insgesamt,2000,3,974.0
885,Fluchtunfälle,insgesamt,2000,4,834.0
886,Fluchtunfälle,insgesamt,2000,5,1086.0
887,Fluchtunfälle,insgesamt,2000,6,842.0
888,Fluchtunfälle,insgesamt,2000,7,1102.0
889,Fluchtunfälle,insgesamt,2000,8,881.0
890,Fluchtunfälle,insgesamt,2000,9,978.0
891,Fluchtunfälle,insgesamt,2000,10,1078.0
892,Fluchtunfälle,insgesamt,2000,11,1017.0
893,Fluchtunfälle,insgesamt,2000,12,950.0
920,Fluchtunfälle,Verletzte und Getötete,2020,1,28.0
921,Fluchtunfälle,Verletzte und Getötete,2020,2,34.0
922,Fluchtunfälle,Verletzte und Getötete,2020,3,33.0
923,Fluchtunfälle,Verletzte und Getötete,2020,4,34.0
924,Fluchtunfälle,Verletzte und Getötete,2020,5,34.0
925,Fluchtunfälle,Verletzte und Getötete,2020,6,49.0
926,Fluchtunfälle,Verletzte und Getötete,2020,7,58.0
927,Fluchtunfälle,Verletzte und Getötete,2020,8,36.0
928,Fluchtunfälle,Verletzte und Getötete,2020,9,49.0
929,Fluchtunfälle,Verletzte und Getötete,2020,10,50.0
930,Fluchtunfälle,Verletzte und Getötete,2020,11,27.0
931,Fluchtunfälle,Verletzte und Getötete,2020,12,33.0
933,Fluchtunfälle,Verletzte und Getötete,2019,1,32.0
934,Fluchtunfälle,Verletzte und Getötete,2019,2,26.0
935,Fluchtunfälle,Verletzte und Getötete,2019,3,44.0
936,Fluchtunfälle,Verletzte und Getötete,2019,4,35.0
937,Fluchtunfälle,Verletzte und Getötete,2019,5,41.0
938,Fluchtunfälle,Verletzte und Getötete,2019,6,61.0
939,Fluchtunfälle,Verletzte und Getötete,2019,7,81.0
940,Fluchtunfälle,Verletzte und Getötete,2019,8,37.0
941,Fluchtunfälle,Verletzte und Getötete,2019,9,55.0
942,Fluchtunfälle,Verletzte und Getötete,2019,10,45.0
943,Fluchtunfälle,Verletzte und Getötete,2019,11,41.0
944,Fluchtunfälle,Verletzte und Getötete,2019,12,43.0
946,Fluchtunfälle,Verletzte und Getötete,2018,1,40.0
947,Fluchtunfälle,Verletzte und Getötete,2018,2,40.0
948,Fluchtunfälle,Verletzte und Getötete,2018,3,35.0
949,Fluchtunfälle,Verletzte und Getötete,2018,4,44.0
950,Fluchtunfälle,Verletzte und Getötete,2018,5,43.0
951,Fluchtunfälle,Verletzte und Getötete,2018,6,49.0
952,Fluchtunfälle,Verletzte und Getötete,2018,7,72.0
953,Fluchtunfälle,Verletzte und Getötete,2018,8,39.0
954,Fluchtunfälle,Verletzte und Getötete,2018,9,59.0
955,Fluchtunfälle,Verletzte und Getötete,2018,10,60.0
956,Fluchtunfälle,Verletzte und Getötete,2018,11,37.0
957,Fluchtunfälle,Verletzte und Getötete,2018,12,37.0
959,Fluchtunfälle,Verletzte und Getötete,2017,1,22.0
960,Fluchtunfälle,Verletzte und Getötete,2017,2,41.0
961,Fluchtunfälle,Verletzte und Getötete,2017,3,36.0
962,Fluchtunfälle,Verletzte und Getötete,2017,4,36.0
963,Fluchtunfälle,Verletzte und Getötete,2017,5,60.0
964,Fluchtunfälle,Verletzte und Getötete,2017,6,54.0
965,Fluchtunfälle,Verletzte und Getötete,2017,7,65.0
966,Fluchtunfälle,Verletzte und Getötete,2017,8,38.0
967,Fluchtunfälle,Verletzte und Getötete,2017,9,59.0
968,Fluchtunfälle,Verletzte und Getötete,2017,10,59.0
969,Fluchtunfälle,Verletzte und Getötete,2017,11,48.0
970,Fluchtunfälle,Verletzte und Getötete,2017,12,33.0
972,Fluchtunfälle,Verletzte und Getötete,2016,1,31.0
973,Fluchtunfälle,Verletzte und Getötete,2016,2,24.0
974,Fluchtunfälle,Verletzte und Getötete,2016,3,41.0
975,Fluchtunfälle,Verletzte und Getötete,2016,4,42.0
976,Fluchtunfälle,Verletzte und Getötete,2016,5,44.0
977,Fluchtunfälle,Verletzte und Getötete,2016,6,54.0
978,Fluchtunfälle,Verletzte und Getötete,2016,7,61.0
979,Fluchtunfälle,Verletzte und Getötete,2016,8,70.0
980,Fluchtunfälle,Verletzte und Getötete,2016,9,70.0
981,Fluchtunfälle,Verletzte und Getötete,2016,10,44.0
982,Fluchtunfälle,Verletzte und Getötete,2016,11,32.0
983,Fluchtunfälle,Verletzte und Getötete,2016,12,35.0
985,Fluchtunfälle,Verletzte und Getötete,2015,1,19.0
986,Fluchtunfälle,Verletzte und Getötete,2015,2,18.0
987,Fluchtunfälle,Verletzte und Getötete,2015,3,49.0
988,Fluchtunfälle,Verletzte und Getötete,2015,4,45.0
989,Fluchtunfälle,Verletzte und Getötete,2015,5,41.0
990,Fluchtunfälle,Verletzte und Getötete,2015,6,54.0
991,Fluchtunfälle,Verletzte und Getötete,2015,7,65.0
992,Fluchtunfälle,Verletzte und Getötete,2015,8,36.0
993,Fluchtunfälle,Verletzte und Getötete,2015,9,49.0
994,Fluchtunfälle,Verletzte und Getötete,2015,10,52.0
995,Fluchtunfälle,Verletzte und Getötete,2015,11,43.0
996,Fluchtunfälle,Verletzte und Getötete,2015,12,38.0
998,Fluchtunfälle,Verletzte und Getötete,2014,1,29.0
999,Fluchtunfälle,Verletzte und Getötete,2014,2,22.0
1000,Fluchtunfälle,Verletzte und Getötete,2014,3,46.0
1001,Fluchtunfälle,Verletzte und Getötete,2014,4,55.0
1002,Fluchtunfälle,Verletzte und Getötete,2014,5,50.0
1003,Fluchtunfälle,Verletzte und Getötete,2014,6,58.0
1004,Fluchtunfälle,Verletzte und Getötete,2014,7,62.0
1005,Fluchtunfälle,Verletzte und Getötete,2014,8,43.0
1006,Fluchtunfälle,Verletzte und Getötete,2014,9,60.0
1007,Fluchtunfälle,Verletzte und Getötete,2014,10,55.0
1008,Fluchtunfälle,Verletzte und Getötete,2014,11,42.0
1009,Fluchtunfälle,Verletzte und Getötete,2014,12,35.0
1011,Fluchtunfälle,Verletzte und Getötete,2013,1,29.0
1012,Fluchtunfälle,Verletzte und Getötete,2013,2,22.0
1013,Fluchtunfälle,Verletzte und Getötete,2013,3,33.0
1014,Fluchtunfälle,Verletzte und Getötete,2013,4,50.0
1015,Fluchtunfälle,Verletzte und Getötete,2013,5,43.0
1016,Fluchtunfälle,Verletzte und Getötete,2013,6,54.0
1017,Fluchtunfälle,Verletzte und Getötete,2013,7,68.0
1018,Fluchtunfälle,Verletzte und Getötete,2013,8,36.0
1019,Fluchtunfälle,Verletzte und Getötete,2013,9,53.0
1020,Fluchtunfälle,Verletzte und Getötete,2013,10,53.0
1021,Fluchtunfälle,Verletzte und Getötete,2013,11,53.0
1022,Fluchtunfälle,Verletzte und Getötete,2013,12,27.0
1024,Fluchtunfälle,Verletzte und Getötete,2012,1,32.0
1025,Fluchtunfälle,Verletzte und Getötete,2012,2,20.0
1026,Fluchtunfälle,Verletzte und Getötete,2012,3,44.0
1027,Fluchtunfälle,Verletzte und Getötete,2012,4,37.0
1028,Fluchtunfälle,Verletzte und Getötete,2012,5,64.0
1029,Fluchtunfälle,Verletzte und Getötete,2012,6,61.0
1030,Fluchtunfälle,Verletzte und Getötete,2012,7,64.0
1031,Fluchtunfälle,Verletzte und Getötete,2012,8,64.0
1032,Fluchtunfälle,Verletzte und Getötete,2012,9,61.0
1033,Fluchtunfälle,Verletzte und Getötete,2012,10,61.0
1034,Fluchtunfälle,Verletzte und Getötete,2012,11,49.0
1035,Fluchtunfälle,Verletzte und Getötete,2012,12,23.0
1037,Fluchtunfälle,Verletzte und Getötete,2011,1,26.0
1038,Fluchtunfälle,Verletzte und Getötete,2011,2,26.0
1039,Fluchtunfälle,Verletzte und Getötete,2011,3,32.0
1040,Fluchtunfälle,Verletzte und Getötete,2011,4,55.0
1041,Fluchtunfälle,Verletzte und Getötete,2011,5,68.0
1042,Fluchtunfälle,Verletzte und Getötete,2011,6,49.0
1043,Fluchtunfälle,Verletzte und Getötete,2011,7,56.0
1044,Fluchtunfälle,Verletzte und Getötete,2011,8,35.0
1045,Fluchtunfälle,Verletzte und Getötete,2011,9,52.0
1046,Fluchtunfälle,Verletzte und Getötete,2011,10,36.0
1047,Fluchtunfälle,Verletzte und Getötete,2011,11,33.0
1048,Fluchtunfälle,Verletzte und Getötete,2011,12,30.0
1050,Fluchtunfälle,Verletzte und Getötete,2010,1,17.0
1051,Fluchtunfälle,Verletzte und Getötete,2010,2,21.0
1052,Fluchtunfälle,Verletzte und Getötete,2010,3,29.0
1053,Fluchtunfälle,Verletzte und Getötete,2010,4,41.0
1054,Fluchtunfälle,Verletzte und Getötete,2010,5,31.0
1055,Fluchtunfälle,Verletzte und Getötete,2010,6,57.0
1056,Fluchtunfälle,Verletzte und Getötete,2010,7,65.0
1057,Fluchtunfälle,Verletzte und Getötete,2010,8,48.0
1058,Fluchtunfälle,Verletzte und Getötete,2010,9,42.0
1059,Fluchtunfälle,Verletzte und Getötete,2010,10,49.0
1060,Fluchtunfälle,Verletzte und Getötete,2010,11,33.0
1061,Fluchtunfälle,Verletzte und Getötete,2010,12,23.0
1063,Fluchtunfälle,Verletzte und Getötete,2009,1,22.0
1064,Fluchtunfälle,Verletzte und Getötete,2009,2,35.0
1065,Fluchtunfälle,Verletzte und Getötete,2009,3,20.0
1066,Fluchtunfälle,Verletzte und Getötete,2009,4,43.0
1067,Fluchtunfälle,Verletzte und Getötete,2009,5,49.0
1068,Fluchtunfälle,Verletzte und Getötete,2009,6,34.0
1069,Fluchtunfälle,Verletzte und Getötete,2009,7,61.0
1070,Fluchtunfälle,Verletzte und Getötete,2009,8,40.0
1071,Fluchtunfälle,Verletzte und Getötete,2009,9,37.0
1072,Fluchtunfälle,Verletzte und Getötete,2009,10,47.0
1073,Fluchtunfälle,Verletzte und Getötete,2009,11,34.0
1074,Fluchtunfälle,Verletzte und Getötete,2009,12,37.0
1076,Fluchtunfälle,Verletzte und Getötete,2008,1,27.0
1077,Fluchtunfälle,Verletzte und Getötete,2008,2,29.0
1078,Fluchtunfälle,Verletzte und Getötete,2008,3,25.0
1079,Fluchtunfälle,Verletzte und Getötete,2008,4,41.0
1080,Fluchtunfälle,Verletzte und Getötete,2008,5,57.0
1081,Fluchtunfälle,Verletzte und Getötete,2008,6,59.0
1082,Fluchtunfälle,Verletzte und Getötete,2008,7,48.0
1083,Fluchtunfälle,Verletzte und Getötete,2008,8,55.0
1084,Fluchtunfälle,Verletzte und Getötete,2008,9,48.0
1085,Fluchtunfälle,Verletzte und Getötete,2008,10,46.0
1086,Fluchtunfälle,Verletzte und Getötete,2008,11,27.0
1087,Fluchtunfälle,Verletzte und Getötete,2008,12,27.0
1089,Fluchtunfälle,Verletzte und Getötete,2007,1,19.0
1090,Fluchtunfälle,Verletzte und Getötete,2007,2,33.0
1091,Fluchtunfälle,Verletzte und Getötete,2007,3,20.0
1092,Fluchtunfälle,Verletzte und Getötete,2007,4,43.0
1093,Fluchtunfälle,Verletzte und Getötete,2007,5,48.0
1094,Fluchtunfälle,Verletzte und Getötete,2007,6,50.0
1095,Fluchtunfälle,Verletzte und Getötete,2007,7,59.0
1096,Fluchtunfälle,Verletzte und Getötete,2007,8,39.0
1097,Fluchtunfälle,Verletzte und Getötete,2007,9,41.0
1098,Fluchtunfälle,Verletzte und Getötete,2007,10,49.0
1099,Fluchtunfälle,Verletzte und Getötete,2007,11,46.0
1100,Fluchtunfälle,Verletzte und Getötete,2007,12,29.0
1102,Fluchtunfälle,Verletzte und Getötete,2006,1,31.0
1103,Fluchtunfälle,Verletzte und Getötete,2006,2,33.0
1104,Fluchtunfälle,Verletzte und Getötete,2006,3,34.0
1105,Fluchtunfälle,Verletzte und Getötete,2006,4,25.0
1106,Fluchtunfälle,Verletzte und Getötete,2006,5,33.0
1107,Fluchtunfälle,Verletzte und Getötete,2006,6,40.0
1108,Fluchtunfälle,Verletzte und Getötete,2006,7,78.0
1109,Fluchtunfälle,Verletzte und Getötete,2006,8,40.0
1110,Fluchtunfälle,Verletzte und Getötete,2006,9,66.0
1111,Fluchtunfälle,Verletzte und Getötete,2006,10,43.0
1112,Fluchtunfälle,Verletzte und Getötete,2006,11,38.0
1113,Fluchtunfälle,Verletzte und Getötete,2006,12,44.0
1115,Fluchtunfälle,Verletzte und Getötete,2005,1,24.0
1116,Fluchtunfälle,Verletzte und Getötete,2005,2,22.0
1117,Fluchtunfälle,Verletzte und Getötete,2005,3,33.0
1118,Fluchtunfälle,Verletzte und Getötete,2005,4,45.0
1119,Fluchtunfälle,Verletzte und Getötete,2005,5,52.0
1120,Fluchtunfälle,Verletzte und Getötete,2005,6,53.0
1121,Fluchtunfälle,Verletzte und Getötete,2005,7,65.0
1122,Fluchtunfälle,Verletzte und Getötete,2005,8,37.0
1123,Fluchtunfälle,Verletzte und Getötete,2005,9,81.0
1124,Fluchtunfälle,Verletzte und Getötete,2005,10,54.0
1125,Fluchtunfälle,Verletzte und Getötete,2005,11,27.0
1126,Fluchtunfälle,Verletzte und Getötete,2005,12,32.0
1128,Fluchtunfälle,Verletzte und Getötete,2004,1,33.0
1129,Fluchtunfälle,Verletzte und Getötete,2004,2,31.0
1130,Fluchtunfälle,Verletzte und Getötete,2004,3,20.0
1131,Fluchtunfälle,Verletzte und Getötete,2004,4,39.0
1132,Fluchtunfälle,Verletzte und Getötete,2004,5,41.0
1133,Fluchtunfälle,Verletzte und Getötete,2004,6,53.0
1134,Fluchtunfälle,Verletzte und Getötete,2004,7,83.0
1135,Fluchtunfälle,Verletzte und Getötete,2004,8,48.0
1136,Fluchtunfälle,Verletzte und Getötete,2004,9,63.0
1137,Fluchtunfälle,Verletzte und Getötete,2004,10,40.0
1138,Fluchtunfälle,Verletzte und Getötete,2004,11,46.0
1139,Fluchtunfälle,Verletzte und Getötete,2004,12,45.0
1141,Fluchtunfälle,Verletzte und Getötete,2003,1,21.0
1142,Fluchtunfälle,Verletzte und Getötete,2003,2,20.0
1143,Fluchtunfälle,Verletzte und Getötete,2003,3,44.0
1144,Fluchtunfälle,Verletzte und Getötete,2003,4,30.0
1145,Fluchtunfälle,Verletzte und Getötete,2003,5,56.0
1146,Fluchtunfälle,Verletzte und Getötete,2003,6,81.0
1147,Fluchtunfälle,Verletzte und Getötete,2003,7,35.0
1148,Fluchtunfälle,Verletzte und Getötete,2003,8,41.0
1149,Fluchtunfälle,Verletzte und Getötete,2003,9,50.0
1150,Fluchtunfälle,Verletzte und Getötete,2003,10,47.0
1151,Fluchtunfälle,Verletzte und Getötete,2003,11,59.0
1152,Fluchtunfälle,Verletzte und Getötete,2003,12,78.0
1154,Fluchtunfälle,Verletzte und Getötete,2002,1,36.0
1155,Fluchtunfälle,Verletzte und Getötete,2002,2,33.0
1156,Fluchtunfälle,Verletzte und Getötete,2002,3,39.0
1157,Fluchtunfälle,Verletzte und Getötete,2002,4,37.0
1158,Fluchtunfälle,Verletzte und Getötete,2002,5,73.0
1159,Fluchtunfälle,Verletzte und Getötete,2002,6,74.0
1160,Fluchtunfälle,Verletzte und Getötete,2002,7,72.0
1161,Fluchtunfälle,Verletzte und Getötete,2002,8,50.0
1162,Fluchtunfälle,Verletzte und Getötete,2002,9,77.0
1163,Fluchtunfälle,Verletzte und Getötete,2002,10,49.0
1164,Fluchtunfälle,Verletzte und Getötete,2002,11,50.0
1165,Fluchtunfälle,Verletzte und Getötete,2002,12,38.0
1167,Fluchtunfälle,Verletzte und Getötete,2001,1,44.0
1168,Fluchtunfälle,Verletzte und Getötete,2001,2,51.0
1169,Fluchtunfälle,Verletzte und Getötete,2001,3,43.0
1170,Fluchtunfälle,Verletzte und Getötete,2001,4,68.0
1171,Fluchtunfälle,Verletzte und Getötete,2001,5,67.0
1172,Fluchtunfälle,Verletzte und Getötete,2001,6,78.0
1173,Fluchtunfälle,Verletzte und Getötete,2001,7,83.0
1174,Fluchtunfälle,Verletzte und Getötete,2001,8,57.0
1175,Fluchtunfälle,Verletzte und Getötete,2001,9,40.0
1176,Fluchtunfälle,Verletzte und Getötete,2001,10,85.0
1177,Fluchtunfälle,Verletzte und Getötete,2001,11,32.0
1178,Fluchtunfälle,Verletzte und Getötete,2001,12,39.0
1180,Fluchtunfälle,Verletzte und Getötete,2000,1,34.0
1181,Fluchtunfälle,Verletzte und Getötete,2000,2,35.0
1182,Fluchtunfälle,Verletzte und Getötete,2000,3,48.0
1183,Fluchtunfälle,Verletzte und Getötete,2000,4,57.0
1184,Fluchtunfälle,Verletzte und Getötete,2000,5,69.0
1185,Fluchtunfälle,Verletzte und Getötete,2000,6,58.0
1186,Fluchtunfälle,Verletzte und Getötete,2000,7,67.0
1187,Fluchtunfälle,Verletzte und Getötete,2000,8,74.0
1188,Fluchtunfälle,Verletzte und Getötete,2000,9,68.0
1189,Fluchtunfälle,Verletzte und Getötete,2000,10,47.0
1190,Fluchtunfälle,Verletzte und Getötete,2000,11,56.0
1191,Fluchtunfälle,Verletzte und Getötete,2000,12,45.0
1218,Verkehrsunfälle,insgesamt,2020,1,3139.0
1219,Verkehrsunfälle,insgesamt,2020,2,3271.0
1220,Verkehrsunfälle,insgesamt,2020,3,2825.0
1221,Verkehrsunfälle,insgesamt,2020,4,2251.0
1222,Verkehrsunfälle,insgesamt,2020,5,3193.0
1223,Verkehrsunfälle,insgesamt,2020,6,3380.0
1224,Verkehrsunfälle,insgesamt,2020,7,4031.0
1225,Verkehrsunfälle,insgesamt,2020,8,3007.0
1226,Verkehrsunfälle,insgesamt,2020,9,3659.0
1227,Verkehrsunfälle,insgesamt,2020,10,3867.0
1228,Verkehrsunfälle,insgesamt,2020,11,3150.0
1229,Verkehrsunfälle,insgesamt,2020,12,2661.0
1231,Verkehrsunfälle,insgesamt,2019,1,3440.0
1232,Verkehrsunfälle,insgesamt,2019,2,3442.0
1233,Verkehrsunfälle,insgesamt,2019,3,3940.0
1234,Verkehrsunfälle,insgesamt,2019,4,3781.0
1235,Verkehrsunfälle,insgesamt,2019,5,4046.0
1236,Verkehrsunfälle,insgesamt,2019,6,3727.0
1237,Verkehrsunfälle,insgesamt,2019,7,4763.0
1238,Verkehrsunfälle,insgesamt,2019,8,3214.0
1239,Verkehrsunfälle,insgesamt,2019,9,4042.0
1240,Verkehrsunfälle,insgesamt,2019,10,4348.0
1241,Verkehrsunfälle,insgesamt,2019,11,3805.0
1242,Verkehrsunfälle,insgesamt,2019,12,3462.0
1244,Verkehrsunfälle,insgesamt,2018,1,3328.0
1245,Verkehrsunfälle,insgesamt,2018,2,3109.0
1246,Verkehrsunfälle,insgesamt,2018,3,3796.0
1247,Verkehrsunfälle,insgesamt,2018,4,4016.0
1248,Verkehrsunfälle,insgesamt,2018,5,3953.0
1249,Verkehrsunfälle,insgesamt,2018,6,4284.0
1250,Verkehrsunfälle,insgesamt,2018,7,4547.0
1251,Verkehrsunfälle,insgesamt,2018,8,3206.0
1252,Verkehrsunfälle,insgesamt,2018,9,4124.0
1253,Verkehrsunfälle,insgesamt,2018,10,4468.0
1254,Verkehrsunfälle,insgesamt,2018,11,4027.0
1255,Verkehrsunfälle,insgesamt,2018,12,3550.0
1257,Verkehrsunfälle,insgesamt,2017,1,3320.0
1258,Verkehrsunfälle,insgesamt,2017,2,3223.0
1259,Verkehrsunfälle,insgesamt,2017,3,4106.0
1260,Verkehrsunfälle,insgesamt,2017,4,3533.0
1261,Verkehrsunfälle,insgesamt,2017,5,4314.0
1262,Verkehrsunfälle,insgesamt,2017,6,3818.0
1263,Verkehrsunfälle,insgesamt,2017,7,4355.0
1264,Verkehrsunfälle,insgesamt,2017,8,3267.0
1265,Verkehrsunfälle,insgesamt,2017,9,4017.0
1266,Verkehrsunfälle,insgesamt,2017,10,4198.0
1267,Verkehrsunfälle,insgesamt,2017,11,3809.0
1268,Verkehrsunfälle,insgesamt,2017,12,3494.0
1270,Verkehrsunfälle,insgesamt,2016,1,3297.0
1271,Verkehrsunfälle,insgesamt,2016,2,3383.0
1272,Verkehrsunfälle,insgesamt,2016,3,3653.0
1273,Verkehrsunfälle,insgesamt,2016,4,4209.0
1274,Verkehrsunfälle,insgesamt,2016,5,3833.0
1275,Verkehrsunfälle,insgesamt,2016,6,4260.0
1276,Verkehrsunfälle,insgesamt,2016,7,4478.0
1277,Verkehrsunfälle,insgesamt,2016,8,3400.0
1278,Verkehrsunfälle,insgesamt,2016,9,4289.0
1279,Verkehrsunfälle,insgesamt,2016,10,4297.0
1280,Verkehrsunfälle,insgesamt,2016,11,3998.0
1281,Verkehrsunfälle,insgesamt,2016,12,3700.0
1283,Verkehrsunfälle,insgesamt,2015,1,3326.0
1284,Verkehrsunfälle,insgesamt,2015,2,3090.0
1285,Verkehrsunfälle,insgesamt,2015,3,3888.0
1286,Verkehrsunfälle,insgesamt,2015,4,4022.0
1287,Verkehrsunfälle,insgesamt,2015,5,3915.0
1288,Verkehrsunfälle,insgesamt,2015,6,3898.0
1289,Verkehrsunfälle,insgesamt,2015,7,4729.0
1290,Verkehrsunfälle,insgesamt,2015,8,3431.0
1291,Verkehrsunfälle,insgesamt,2015,9,4015.0
1292,Verkehrsunfälle,insgesamt,2015,10,4467.0
1293,Verkehrsunfälle,insgesamt,2015,11,3992.0
1294,Verkehrsunfälle,insgesamt,2015,12,3862.0
1296,Verkehrsunfälle,insgesamt,2014,1,3410.0
1297,Verkehrsunfälle,insgesamt,2014,2,3315.0
1298,Verkehrsunfälle,insgesamt,2014,3,4027.0
1299,Verkehrsunfälle,insgesamt,2014,4,3840.0
1300,Verkehrsunfälle,insgesamt,2014,5,4346.0
1301,Verkehrsunfälle,insgesamt,2014,6,3833.0
1302,Verkehrsunfälle,insgesamt,2014,7,4443.0
1303,Verkehrsunfälle,insgesamt,2014,8,3379.0
1304,Verkehrsunfälle,insgesamt,2014,9,4137.0
1305,Verkehrsunfälle,insgesamt,2014,10,4251.0
1306,Verkehrsunfälle,insgesamt,2014,11,3904.0
1307,Verkehrsunfälle,insgesamt,2014,12,3919.0
1309,Verkehrsunfälle,insgesamt,2013,1,3316.0
1310,Verkehrsunfälle,insgesamt,2013,2,3467.0
1311,Verkehrsunfälle,insgesamt,2013,3,3712.0
1312,Verkehrsunfälle,insgesamt,2013,4,4008.0
1313,Verkehrsunfälle,insgesamt,2013,5,3703.0
1314,Verkehrsunfälle,insgesamt,2013,6,4284.0
1315,Verkehrsunfälle,insgesamt,2013,7,4641.0
1316,Verkehrsunfälle,insgesamt,2013,8,3387.0
1317,Verkehrsunfälle,insgesamt,2013,9,4130.0
1318,Verkehrsunfälle,insgesamt,2013,10,4533.0
1319,Verkehrsunfälle,insgesamt,2013,11,4043.0
1320,Verkehrsunfälle,insgesamt,2013,12,3764.0
1322,Verkehrsunfälle,insgesamt,2012,1,3176.0
1323,Verkehrsunfälle,insgesamt,2012,2,3102.0
1324,Verkehrsunfälle,insgesamt,2012,3,3739.0
1325,Verkehrsunfälle,insgesamt,2012,4,3667.0
1326,Verkehrsunfälle,insgesamt,2012,5,4114.0
1327,Verkehrsunfälle,insgesamt,2012,6,4018.0
1328,Verkehrsunfälle,insgesamt,2012,7,4281.0
1329,Verkehrsunfälle,insgesamt,2012,8,3452.0
1330,Verkehrsunfälle,insgesamt,2012,9,3962.0
1331,Verkehrsunfälle,insgesamt,2012,10,4146.0
1332,Verkehrsunfälle,insgesamt,2012,11,3839.0
1333,Verkehrsunfälle,insgesamt,2012,12,3395.0
1335,Verkehrsunfälle,insgesamt,2011,1,2775.0
1336,Verkehrsunfälle,insgesamt,2011,2,2903.0
1337,Verkehrsunfälle,insgesamt,2011,3,3523.0
1338,Verkehrsunfälle,insgesamt,2011,4,3529.0
1339,Verkehrsunfälle,insgesamt,2011,5,4143.0
1340,Verkehrsunfälle,insgesamt,2011,6,3212.0
1341,Verkehrsunfälle,insgesamt,2011,7,4074.0
1342,Verkehrsunfälle,insgesamt,2011,8,3322.0
1343,Verkehrsunfälle,insgesamt,2011,9,3730.0
1344,Verkehrsunfälle,insgesamt,2011,10,3830.0
1345,Verkehrsunfälle,insgesamt,2011,11,3567.0
1346,Verkehrsunfälle,insgesamt,2011,12,3506.0
1348,Verkehrsunfälle,insgesamt,2010,1,2346.0
1349,Verkehrsunfälle,insgesamt,2010,2,2539.0
1350,Verkehrsunfälle,insgesamt,2010,3,3309.0
1351,Verkehrsunfälle,insgesamt,2010,4,3202.0
1352,Verkehrsunfälle,insgesamt,2010,5,2974.0
1353,Verkehrsunfälle,insgesamt,2010,6,3193.0
1354,Verkehrsunfälle,insgesamt,2010,7,3712.0
1355,Verkehrsunfälle,insgesamt,2010,8,2843.0
1356,Verkehrsunfälle,insgesamt,2010,9,3524.0
1357,Verkehrsunfälle,insgesamt,2010,10,3500.0
1358,Verkehrsunfälle,insgesamt,2010,11,3329.0
1359,Verkehrsunfälle,insgesamt,2010,12,3413.0
1361,Verkehrsunfälle,insgesamt,2009,1,2482.0
1362,Verkehrsunfälle,insgesamt,2009,2,3480.0
1363,Verkehrsunfälle,insgesamt,2009,3,2744.0
1364,Verkehrsunfälle,insgesamt,2009,4,2953.0
1365,Verkehrsunfälle,insgesamt,2009,5,3240.0
1366,Verkehrsunfälle,insgesamt,2009,6,2876.0
1367,Verkehrsunfälle,insgesamt,2009,7,3622.0
1368,Verkehrsunfälle,insgesamt,2009,8,2749.0
1369,Verkehrsunfälle,insgesamt,2009,9,3252.0
1370,Verkehrsunfälle,insgesamt,2009,10,3567.0
1371,Verkehrsunfälle,insgesamt,2009,11,3294.0
1372,Verkehrsunfälle,insgesamt,2009,12,3202.0
1374,Verkehrsunfälle,insgesamt,2008,1,2945.0
1375,Verkehrsunfälle,insgesamt,2008,2,3171.0
1376,Verkehrsunfälle,insgesamt,2008,3,2910.0
1377,Verkehrsunfälle,insgesamt,2008,4,3339.0
1378,Verkehrsunfälle,insgesamt,2008,5,3428.0
1379,Verkehrsunfälle,insgesamt,2008,6,3374.0
1380,Verkehrsunfälle,insgesamt,2008,7,3500.0
1381,Verkehrsunfälle,insgesamt,2008,8,2870.0
1382,Verkehrsunfälle,insgesamt,2008,9,3271.0
1383,Verkehrsunfälle,insgesamt,2008,10,3683.0
1384,Verkehrsunfälle,insgesamt,2008,11,2983.0
1385,Verkehrsunfälle,insgesamt,2008,12,2888.0
1387,Verkehrsunfälle,insgesamt,2007,1,2735.0
1388,Verkehrsunfälle,insgesamt,2007,2,2643.0
1389,Verkehrsunfälle,insgesamt,2007,3,2836.0
1390,Verkehrsunfälle,insgesamt,2007,4,3292.0
1391,Verkehrsunfälle,insgesamt,2007,5,3529.0
1392,Verkehrsunfälle,insgesamt,2007,6,3225.0
1393,Verkehrsunfälle,insgesamt,2007,7,3622.0
1394,Verkehrsunfälle,insgesamt,2007,8,2943.0
1395,Verkehrsunfälle,insgesamt,2007,9,3414.0
1396,Verkehrsunfälle,insgesamt,2007,10,3695.0
1397,Verkehrsunfälle,insgesamt,2007,11,3444.0
1398,Verkehrsunfälle,insgesamt,2007,12,3184.0
1400,Verkehrsunfälle,insgesamt,2006,1,2893.0
1401,Verkehrsunfälle,insgesamt,2006,2,2901.0
1402,Verkehrsunfälle,insgesamt,2006,3,4165.0
1403,Verkehrsunfälle,insgesamt,2006,4,2874.0
1404,Verkehrsunfälle,insgesamt,2006,5,3032.0
1405,Verkehrsunfälle,insgesamt,2006,6,2853.0
1406,Verkehrsunfälle,insgesamt,2006,7,3611.0
1407,Verkehrsunfälle,insgesamt,2006,8,2993.0
1408,Verkehrsunfälle,insgesamt,2006,9,3233.0
1409,Verkehrsunfälle,insgesamt,2006,10,3286.0
1410,Verkehrsunfälle,insgesamt,2006,11,3073.0
1411,Verkehrsunfälle,insgesamt,2006,12,3419.0
1413,Verkehrsunfälle,insgesamt,2005,1,2788.0
1414,Verkehrsunfälle,insgesamt,2005,2,3461.0
1415,Verkehrsunfälle,insgesamt,2005,3,3560.0
1416,Verkehrsunfälle,insgesamt,2005,4,3320.0
1417,Verkehrsunfälle,insgesamt,2005,5,3321.0
1418,Verkehrsunfälle,insgesamt,2005,6,3499.0
1419,Verkehrsunfälle,insgesamt,2005,7,3631.0
1420,Verkehrsunfälle,insgesamt,2005,8,2965.0
1421,Verkehrsunfälle,insgesamt,2005,9,3921.0
1422,Verkehrsunfälle,insgesamt,2005,10,3503.0
1423,Verkehrsunfälle,insgesamt,2005,11,3205.0
1424,Verkehrsunfälle,insgesamt,2005,12,3549.0
1426,Verkehrsunfälle,insgesamt,2004,1,2969.0
1427,Verkehrsunfälle,insgesamt,2004,2,2728.0
1428,Verkehrsunfälle,insgesamt,2004,3,3271.0
1429,Verkehrsunfälle,insgesamt,2004,4,3183.0
1430,Verkehrsunfälle,insgesamt,2004,5,3378.0
1431,Verkehrsunfälle,insgesamt,2004,6,3229.0
1432,Verkehrsunfälle,insgesamt,2004,7,3760.0
1433,Verkehrsunfälle,insgesamt,2004,8,2926.0
1434,Verkehrsunfälle,insgesamt,2004,9,3663.0
1435,Verkehrsunfälle,insgesamt,2004,10,3716.0
1436,Verkehrsunfälle,insgesamt,2004,11,3449.0
1437,Verkehrsunfälle,insgesamt,2004,12,3792.0
1439,Verkehrsunfälle,insgesamt,2003,1,3073.0
1440,Verkehrsunfälle,insgesamt,2003,2,2968.0
1441,Verkehrsunfälle,insgesamt,2003,3,3060.0
1442,Verkehrsunfälle,insgesamt,2003,4,3106.0
1443,Verkehrsunfälle,insgesamt,2003,5,3255.0
1444,Verkehrsunfälle,insgesamt,2003,6,3139.0
1445,Verkehrsunfälle,insgesamt,2003,7,3321.0
1446,Verkehrsunfälle,insgesamt,2003,8,2837.0
1447,Verkehrsunfälle,insgesamt,2003,9,3393.0
1448,Verkehrsunfälle,insgesamt,2003,10,3631.0
1449,Verkehrsunfälle,insgesamt,2003,11,3325.0
1450,Verkehrsunfälle,insgesamt,2003,12,3527.0
1452,Verkehrsunfälle,insgesamt,2002,1,3063.0
1453,Verkehrsunfälle,insgesamt,2002,2,2892.0
1454,Verkehrsunfälle,insgesamt,2002,3,3380.0
1455,Verkehrsunfälle,insgesamt,2002,4,3142.0
1456,Verkehrsunfälle,insgesamt,2002,5,3731.0
1457,Verkehrsunfälle,insgesamt,2002,6,3586.0
1458,Verkehrsunfälle,insgesamt,2002,7,3960.0
1459,Verkehrsunfälle,insgesamt,2002,8,3007.0
1460,Verkehrsunfälle,insgesamt,2002,9,3436.0
1461,Verkehrsunfälle,insgesamt,2002,10,3859.0
1462,Verkehrsunfälle,insgesamt,2002,11,3529.0
1463,Verkehrsunfälle,insgesamt,2002,12,3023.0
1465,Verkehrsunfälle,insgesamt,2001,1,3348.0
1466,Verkehrsunfälle,insgesamt,2001,2,3148.0
1467,Verkehrsunfälle,insgesamt,2001,3,3970.0
1468,Verkehrsunfälle,insgesamt,2001,4,3565.0
1469,Verkehrsunfälle,insgesamt,2001,5,4128.0
1470,Verkehrsunfälle,insgesamt,2001,6,3715.0
1471,Verkehrsunfälle,insgesamt,2001,7,4288.0
1472,Verkehrsunfälle,insgesamt,2001,8,3351.0
1473,Verkehrsunfälle,insgesamt,2001,9,3939.0
1474,Verkehrsunfälle,insgesamt,2001,10,4250.0
1475,Verkehrsunfälle,insgesamt,2001,11,4022.0
1476,Verkehrsunfälle,insgesamt,2001,12,3989.0
1478,Verkehrsunfälle,insgesamt,2000,1,3448.0
1479,Verkehrsunfälle,insgesamt,2000,2,3181.0
1480,Verkehrsunfälle,insgesamt,2000,3,3783.0
1481,Verkehrsunfälle,insgesamt,2000,4,3317.0
1482,Verkehrsunfälle,insgesamt,2000,5,4123.0
1483,Verkehrsunfälle,insgesamt,2000,6,3329.0
1484,Verkehrsunfälle,insgesamt,2000,7,4282.0
1485,Verkehrsunfälle,insgesamt,2000,8,3387.0
1486,Verkehrsunfälle,insgesamt,2000,9,3807.0
1487,Verkehrsunfälle,insgesamt,2000,10,4117.0
1488,Verkehrsunfälle,insgesamt,2000,11,3931.0
1489,Verkehrsunfälle,insgesamt,2000,12,3789.0
1516,Verkehrsunfälle,mit Personenschäden,2020,1,301.0
1517,Verkehrsunfälle,mit Personenschäden,2020,2,306.0
1518,Verkehrsunfälle,mit Personenschäden,2020,3,270.0
1519,Verkehrsunfälle,mit Personenschäden,2020,4,314.0
1520,Verkehrsunfälle,mit Personenschäden,2020,5,416.0
1521,Verkehrsunfälle,mit Personenschäden,2020,6,496.0
1522,Verkehrsunfälle,mit Personenschäden,2020,7,717.0
1523,Verkehrsunfälle,mit Personenschäden,2020,8,487.0
1524,Verkehrsunfälle,mit Personenschäden,2020,9,555.0
1525,Verkehrsunfälle,mit Personenschäden,2020,10,489.0
1526,Verkehrsunfälle,mit Personenschäden,2020,11,297.0
1527,Verkehrsunfälle,mit Personenschäden,2020,12,270.0
1529,Verkehrsunfälle,mit Personenschäden,2019,1,243.0
1530,Verkehrsunfälle,mit Personenschäden,2019,2,289.0
1531,Verkehrsunfälle,mit Personenschäden,2019,3,369.0
1532,Verkehrsunfälle,mit Personenschäden,2019,4,426.0
1533,Verkehrsunfälle,mit Personenschäden,2019,5,416.0
1534,Verkehrsunfälle,mit Personenschäden,2019,6,615.0
1535,Verkehrsunfälle,mit Personenschäden,2019,7,762.0
1536,Verkehrsunfälle,mit Personenschäden,2019,8,451.0
1537,Verkehrsunfälle,mit Personenschäden,2019,9,533.0
1538,Verkehrsunfälle,mit Personenschäden,2019,10,500.0
1539,Verkehrsunfälle,mit Personenschäden,2019,11,383.0
1540,Verkehrsunfälle,mit Personenschäden,2019,12,326.0
1542,Verkehrsunfälle,mit Personenschäden,2018,1,290.0
1543,Verkehrsunfälle,mit Personenschäden,2018,2,265.0
1544,Verkehrsunfälle,mit Personenschäden,2018,3,331.0
1545,Verkehrsunfälle,mit Personenschäden,2018,4,519.0
1546,Verkehrsunfälle,mit Personenschäden,2018,5,528.0
1547,Verkehrsunfälle,mit Personenschäden,2018,6,622.0
1548,Verkehrsunfälle,mit Personenschäden,2018,7,714.0
1549,Verkehrsunfälle,mit Personenschäden,2018,8,456.0
1550,Verkehrsunfälle,mit Personenschäden,2018,9,528.0
1551,Verkehrsunfälle,mit Personenschäden,2018,10,529.0
1552,Verkehrsunfälle,mit Personenschäden,2018,11,407.0
1553,Verkehrsunfälle,mit Personenschäden,2018,12,282.0
1555,Verkehrsunfälle,mit Personenschäden,2017,1,242.0
1556,Verkehrsunfälle,mit Personenschäden,2017,2,277.0
1557,Verkehrsunfälle,mit Personenschäden,2017,3,407.0
1558,Verkehrsunfälle,mit Personenschäden,2017,4,365.0
1559,Verkehrsunfälle,mit Personenschäden,2017,5,545.0
1560,Verkehrsunfälle,mit Personenschäden,2017,6,568.0
1561,Verkehrsunfälle,mit Personenschäden,2017,7,611.0
1562,Verkehrsunfälle,mit Personenschäden,2017,8,447.0
1563,Verkehrsunfälle,mit Personenschäden,2017,9,430.0
1564,Verkehrsunfälle,mit Personenschäden,2017,10,490.0
1565,Verkehrsunfälle,mit Personenschäden,2017,11,373.0
1566,Verkehrsunfälle,mit Personenschäden,2017,12,307.0
1568,Verkehrsunfälle,mit Personenschäden,2016,1,298.0
1569,Verkehrsunfälle,mit Personenschäden,2016,2,305.0
1570,Verkehrsunfälle,mit Personenschäden,2016,3,299.0
1571,Verkehrsunfälle,mit Personenschäden,2016,4,447.0
1572,Verkehrsunfälle,mit Personenschäden,2016,5,502.0
1573,Verkehrsunfälle,mit Personenschäden,2016,6,592.0
1574,Verkehrsunfälle,mit Personenschäden,2016,7,623.0
1575,Verkehrsunfälle,mit Personenschäden,2016,8,469.0
1576,Verkehrsunfälle,mit Personenschäden,2016,9,627.0
1577,Verkehrsunfälle,mit Personenschäden,2016,10,448.0
1578,Verkehrsunfälle,mit Personenschäden,2016,11,402.0
1579,Verkehrsunfälle,mit Personenschäden,2016,12,317.0
1581,Verkehrsunfälle,mit Personenschäden,2015,1,263.0
1582,Verkehrsunfälle,mit Personenschäden,2015,2,262.0
1583,Verkehrsunfälle,mit Personenschäden,2015,3,376.0
1584,Verkehrsunfälle,mit Personenschäden,2015,4,495.0
1585,Verkehrsunfälle,mit Personenschäden,2015,5,487.0
1586,Verkehrsunfälle,mit Personenschäden,2015,6,560.0
1587,Verkehrsunfälle,mit Personenschäden,2015,7,708.0
1588,Verkehrsunfälle,mit Personenschäden,2015,8,481.0
1589,Verkehrsunfälle,mit Personenschäden,2015,9,509.0
1590,Verkehrsunfälle,mit Personenschäden,2015,10,475.0
1591,Verkehrsunfälle,mit Personenschäden,2015,11,430.0
1592,Verkehrsunfälle,mit Personenschäden,2015,12,384.0
1594,Verkehrsunfälle,mit Personenschäden,2014,1,324.0
1595,Verkehrsunfälle,mit Personenschäden,2014,2,309.0
1596,Verkehrsunfälle,mit Personenschäden,2014,3,460.0
1597,Verkehrsunfälle,mit Personenschäden,2014,4,455.0
1598,Verkehrsunfälle,mit Personenschäden,2014,5,536.0
1599,Verkehrsunfälle,mit Personenschäden,2014,6,558.0
1600,Verkehrsunfälle,mit Personenschäden,2014,7,654.0
1601,Verkehrsunfälle,mit Personenschäden,2014,8,432.0
1602,Verkehrsunfälle,mit Personenschäden,2014,9,534.0
1603,Verkehrsunfälle,mit Personenschäden,2014,10,529.0
1604,Verkehrsunfälle,mit Personenschäden,2014,11,401.0
1605,Verkehrsunfälle,mit Personenschäden,2014,12,331.0
1607,Verkehrsunfälle,mit Personenschäden,2013,1,254.0
1608,Verkehrsunfälle,mit Personenschäden,2013,2,263.0
1609,Verkehrsunfälle,mit Personenschäden,2013,3,284.0
1610,Verkehrsunfälle,mit Personenschäden,2013,4,440.0
1611,Verkehrsunfälle,mit Personenschäden,2013,5,454.0
1612,Verkehrsunfälle,mit Personenschäden,2013,6,580.0
1613,Verkehrsunfälle,mit Personenschäden,2013,7,812.0
1614,Verkehrsunfälle,mit Personenschäden,2013,8,514.0
1615,Verkehrsunfälle,mit Personenschäden,2013,9,531.0
1616,Verkehrsunfälle,mit Personenschäden,2013,10,510.0
1617,Verkehrsunfälle,mit Personenschäden,2013,11,388.0
1618,Verkehrsunfälle,mit Personenschäden,2013,12,356.0
1620,Verkehrsunfälle,mit Personenschäden,2012,1,273.0
1621,Verkehrsunfälle,mit Personenschäden,2012,2,233.0
1622,Verkehrsunfälle,mit Personenschäden,2012,3,424.0
1623,Verkehrsunfälle,mit Personenschäden,2012,4,394.0
1624,Verkehrsunfälle,mit Personenschäden,2012,5,596.0
1625,Verkehrsunfälle,mit Personenschäden,2012,6,577.0
1626,Verkehrsunfälle,mit Personenschäden,2012,7,632.0
1627,Verkehrsunfälle,mit Personenschäden,2012,8,545.0
1628,Verkehrsunfälle,mit Personenschäden,2012,9,532.0
1629,Verkehrsunfälle,mit Personenschäden,2012,10,477.0
1630,Verkehrsunfälle,mit Personenschäden,2012,11,394.0
1631,Verkehrsunfälle,mit Personenschäden,2012,12,248.0
1633,Verkehrsunfälle,mit Personenschäden,2011,1,255.0
1634,Verkehrsunfälle,mit Personenschäden,2011,2,264.0
1635,Verkehrsunfälle,mit Personenschäden,2011,3,373.0
1636,Verkehrsunfälle,mit Personenschäden,2011,4,505.0
1637,Verkehrsunfälle,mit Personenschäden,2011,5,636.0
1638,Verkehrsunfälle,mit Personenschäden,2011,6,399.0
1639,Verkehrsunfälle,mit Personenschäden,2011,7,532.0
1640,Verkehrsunfälle,mit Personenschäden,2011,8,402.0
1641,Verkehrsunfälle,mit Personenschäden,2011,9,441.0
1642,Verkehrsunfälle,mit Personenschäden,2011,10,393.0
1643,Verkehrsunfälle,mit Personenschäden,2011,11,359.0
1644,Verkehrsunfälle,mit Personenschäden,2011,12,315.0
1646,Verkehrsunfälle,mit Personenschäden,2010,1,147.0
1647,Verkehrsunfälle,mit Personenschäden,2010,2,200.0
1648,Verkehrsunfälle,mit Personenschäden,2010,3,291.0
1649,Verkehrsunfälle,mit Personenschäden,2010,4,377.0
1650,Verkehrsunfälle,mit Personenschäden,2010,5,320.0
1651,Verkehrsunfälle,mit Personenschäden,2010,6,440.0
1652,Verkehrsunfälle,mit Personenschäden,2010,7,619.0
1653,Verkehrsunfälle,mit Personenschäden,2010,8,416.0
1654,Verkehrsunfälle,mit Personenschäden,2010,9,456.0
1655,Verkehrsunfälle,mit Personenschäden,2010,10,432.0
1656,Verkehrsunfälle,mit Personenschäden,2010,11,319.0
1657,Verkehrsunfälle,mit Personenschäden,2010,12,223.0
1659,Verkehrsunfälle,mit Personenschäden,2009,1,184.0
1660,Verkehrsunfälle,mit Personenschäden,2009,2,273.0
1661,Verkehrsunfälle,mit Personenschäden,2009,3,202.0
1662,Verkehrsunfälle,mit Personenschäden,2009,4,357.0
1663,Verkehrsunfälle,mit Personenschäden,2009,5,454.0
1664,Verkehrsunfälle,mit Personenschäden,2009,6,371.0
1665,Verkehrsunfälle,mit Personenschäden,2009,7,476.0
1666,Verkehrsunfälle,mit Personenschäden,2009,8,376.0
1667,Verkehrsunfälle,mit Personenschäden,2009,9,388.0
1668,Verkehrsunfälle,mit Personenschäden,2009,10,360.0
1669,Verkehrsunfälle,mit Personenschäden,2009,11,312.0
1670,Verkehrsunfälle,mit Personenschäden,2009,12,312.0
1672,Verkehrsunfälle,mit Personenschäden,2008,1,260.0
1673,Verkehrsunfälle,mit Personenschäden,2008,2,279.0
1674,Verkehrsunfälle,mit Personenschäden,2008,3,210.0
1675,Verkehrsunfälle,mit Personenschäden,2008,4,315.0
1676,Verkehrsunfälle,mit Personenschäden,2008,5,445.0
1677,Verkehrsunfälle,mit Personenschäden,2008,6,424.0
1678,Verkehrsunfälle,mit Personenschäden,2008,7,459.0
1679,Verkehrsunfälle,mit Personenschäden,2008,8,402.0
1680,Verkehrsunfälle,mit Personenschäden,2008,9,360.0
1681,Verkehrsunfälle,mit Personenschäden,2008,10,373.0
1682,Verkehrsunfälle,mit Personenschäden,2008,11,281.0
1683,Verkehrsunfälle,mit Personenschäden,2008,12,230.0
1685,Verkehrsunfälle,mit Personenschäden,2007,1,218.0
1686,Verkehrsunfälle,mit Personenschäden,2007,2,217.0
1687,Verkehrsunfälle,mit Personenschäden,2007,3,293.0
1688,Verkehrsunfälle,mit Personenschäden,2007,4,396.0
1689,Verkehrsunfälle,mit Personenschäden,2007,5,482.0
1690,Verkehrsunfälle,mit Personenschäden,2007,6,444.0
1691,Verkehrsunfälle,mit Personenschäden,2007,7,435.0
1692,Verkehrsunfälle,mit Personenschäden,2007,8,344.0
1693,Verkehrsunfälle,mit Personenschäden,2007,9,385.0
1694,Verkehrsunfälle,mit Personenschäden,2007,10,405.0
1695,Verkehrsunfälle,mit Personenschäden,2007,11,324.0
1696,Verkehrsunfälle,mit Personenschäden,2007,12,333.0
1698,Verkehrsunfälle,mit Personenschäden,2006,1,291.0
1699,Verkehrsunfälle,mit Personenschäden,2006,2,237.0
1700,Verkehrsunfälle,mit Personenschäden,2006,3,275.0
1701,Verkehrsunfälle,mit Personenschäden,2006,4,301.0
1702,Verkehrsunfälle,mit Personenschäden,2006,5,471.0
1703,Verkehrsunfälle,mit Personenschäden,2006,6,406.0
1704,Verkehrsunfälle,mit Personenschäden,2006,7,671.0
1705,Verkehrsunfälle,mit Personenschäden,2006,8,422.0
1706,Verkehrsunfälle,mit Personenschäden,2006,9,407.0
1707,Verkehrsunfälle,mit Personenschäden,2006,10,500.0
1708,Verkehrsunfälle,mit Personenschäden,2006,11,384.0
1709,Verkehrsunfälle,mit Personenschäden,2006,12,386.0
1711,Verkehrsunfälle,mit Personenschäden,2005,1,244.0
1712,Verkehrsunfälle,mit Personenschäden,2005,2,229.0
1713,Verkehrsunfälle,mit Personenschäden,2005,3,299.0
1714,Verkehrsunfälle,mit Personenschäden,2005,4,422.0
1715,Verkehrsunfälle,mit Personenschäden,2005,5,521.0
1716,Verkehrsunfälle,mit Personenschäden,2005,6,627.0
1717,Verkehrsunfälle,mit Personenschäden,2005,7,558.0
1718,Verkehrsunfälle,mit Personenschäden,2005,8,462.0
1719,Verkehrsunfälle,mit Personenschäden,2005,9,678.0
1720,Verkehrsunfälle,mit Personenschäden,2005,10,451.0
1721,Verkehrsunfälle,mit Personenschäden,2005,11,496.0
1722,Verkehrsunfälle,mit Personenschäden,2005,12,487.0
1724,Verkehrsunfälle,mit Personenschäden,2004,1,286.0
1725,Verkehrsunfälle,mit Personenschäden,2004,2,240.0
1726,Verkehrsunfälle,mit Personenschäden,2004,3,321.0
1727,Verkehrsunfälle,mit Personenschäden,2004,4,388.0
1728,Verkehrsunfälle,mit Personenschäden,2004,5,476.0
1729,Verkehrsunfälle,mit Personenschäden,2004,6,491.0
1730,Verkehrsunfälle,mit Personenschäden,2004,7,646.0
1731,Verkehrsunfälle,mit Personenschäden,2004,8,584.0
1732,Verkehrsunfälle,mit Personenschäden,2004,9,541.0
1733,Verkehrsunfälle,mit Personenschäden,2004,10,465.0
1734,Verkehrsunfälle,mit Personenschäden,2004,11,360.0
1735,Verkehrsunfälle,mit Personenschäden,2004,12,416.0
1737,Verkehrsunfälle,mit Personenschäden,2003,1,282.0
1738,Verkehrsunfälle,mit Personenschäden,2003,2,232.0
1739,Verkehrsunfälle,mit Personenschäden,2003,3,374.0
1740,Verkehrsunfälle,mit Personenschäden,2003,4,429.0
1741,Verkehrsunfälle,mit Personenschäden,2003,5,510.0
1742,Verkehrsunfälle,mit Personenschäden,2003,6,566.0
1743,Verkehrsunfälle,mit Personenschäden,2003,7,538.0
1744,Verkehrsunfälle,mit Personenschäden,2003,8,461.0
1745,Verkehrsunfälle,mit Personenschäden,2003,9,452.0
1746,Verkehrsunfälle,mit Personenschäden,2003,10,466.0
1747,Verkehrsunfälle,mit Personenschäden,2003,11,359.0
1748,Verkehrsunfälle,mit Personenschäden,2003,12,383.0
1750,Verkehrsunfälle,mit Personenschäden,2002,1,328.0
1751,Verkehrsunfälle,mit Personenschäden,2002,2,316.0
1752,Verkehrsunfälle,mit Personenschäden,2002,3,414.0
1753,Verkehrsunfälle,mit Personenschäden,2002,4,432.0
1754,Verkehrsunfälle,mit Personenschäden,2002,5,537.0
1755,Verkehrsunfälle,mit Personenschäden,2002,6,675.0
1756,Verkehrsunfälle,mit Personenschäden,2002,7,711.0
1757,Verkehrsunfälle,mit Personenschäden,2002,8,479.0
1758,Verkehrsunfälle,mit Personenschäden,2002,9,509.0
1759,Verkehrsunfälle,mit Personenschäden,2002,10,467.0
1760,Verkehrsunfälle,mit Personenschäden,2002,11,448.0
1761,Verkehrsunfälle,mit Personenschäden,2002,12,304.0
1763,Verkehrsunfälle,mit Personenschäden,2001,1,354.0
1764,Verkehrsunfälle,mit Personenschäden,2001,2,343.0
1765,Verkehrsunfälle,mit Personenschäden,2001,3,426.0
1766,Verkehrsunfälle,mit Personenschäden,2001,4,454.0
1767,Verkehrsunfälle,mit Personenschäden,2001,5,655.0
1768,Verkehrsunfälle,mit Personenschäden,2001,6,560.0
1769,Verkehrsunfälle,mit Personenschäden,2001,7,755.0
1770,Verkehrsunfälle,mit Personenschäden,2001,8,510.0
1771,Verkehrsunfälle,mit Personenschäden,2001,9,497.0
1772,Verkehrsunfälle,mit Personenschäden,2001,10,581.0
1773,Verkehrsunfälle,mit Personenschäden,2001,11,436.0
1774,Verkehrsunfälle,mit Personenschäden,2001,12,377.0
1776,Verkehrsunfälle,mit Personenschäden,2000,1,321.0
1777,Verkehrsunfälle,mit Personenschäden,2000,2,329.0
1778,Verkehrsunfälle,mit Personenschäden,2000,3,414.0
1779,Verkehrsunfälle,mit Personenschäden,2000,4,441.0
1780,Verkehrsunfälle,mit Personenschäden,2000,5,568.0
1781,Verkehrsunfälle,mit Personenschäden,2000,6,555.0
1782,Verkehrsunfälle,mit Personenschäden,2000,7,610.0
1783,Verkehrsunfälle,mit Personenschäden,2000,8,525.0
1784,Verkehrsunfälle,mit Personenschäden,2000,9,557.0
1785,Verkehrsunfälle,mit Personenschäden,2000,10,493.0
1786,Verkehrsunfälle,mit Personenschäden,2000,11,461.0
1787,Verkehrsunfälle,mit Personenschäden,2000,12,403.0
1814,Verkehrsunfälle,Verletzte und Getötete,2020,1,360.0
1815,Verkehrsunfälle,Verletzte und Getötete,2020,2,355.0
1816,Verkehrsunfälle,Verletzte und Getötete,2020,3,334.0
1817,Verkehrsunfälle,Verletzte und Getötete,2020,4,363.0
1818,Verkehrsunfälle,Verletzte und Getötete,2020,5,464.0
1819,Verkehrsunfälle,Verletzte und Getötete,2020,6,585.0
1820,Verkehrsunfälle,Verletzte und Getötete,2020,7,821.0
1821,Verkehrsunfälle,Verletzte und Getötete,2020,8,563.0
1822,Verkehrsunfälle,Verletzte und Getötete,2020,9,634.0
1823,Verkehrsunfälle,Verletzte und Getötete,2020,10,566.0
1824,Verkehrsunfälle,Verletzte und Getötete,2020,11,348.0
1825,Verkehrsunfälle,Verletzte und Getötete,2020,12,311.0
1827,Verkehrsunfälle,Verletzte und Getötete,2019,1,297.0
1828,Verkehrsunfälle,Verletzte und Getötete,2019,2,345.0
1829,Verkehrsunfälle,Verletzte und Getötete,2019,3,427.0
1830,Verkehrsunfälle,Verletzte und Getötete,2019,4,515.0
1831,Verkehrsunfälle,Verletzte und Getötete,2019,5,484.0
1832,Verkehrsunfälle,Verletzte und Getötete,2019,6,710.0
1833,Verkehrsunfälle,Verletzte und Getötete,2019,7,898.0
1834,Verkehrsunfälle,Verletzte und Getötete,2019,8,532.0
1835,Verkehrsunfälle,Verletzte und Getötete,2019,9,609.0
1836,Verkehrsunfälle,Verletzte und Getötete,2019,10,591.0
1837,Verkehrsunfälle,Verletzte und Getötete,2019,11,453.0
1838,Verkehrsunfälle,Verletzte und Getötete,2019,12,378.0
1840,Verkehrsunfälle,Verletzte und Getötete,2018,1,350.0
1841,Verkehrsunfälle,Verletzte und Getötete,2018,2,328.0
1842,Verkehrsunfälle,Verletzte und Getötete,2018,3,383.0
1843,Verkehrsunfälle,Verletzte und Getötete,2018,4,619.0
1844,Verkehrsunfälle,Verletzte und Getötete,2018,5,640.0
1845,Verkehrsunfälle,Verletzte und Getötete,2018,6,732.0
1846,Verkehrsunfälle,Verletzte und Getötete,2018,7,852.0
1847,Verkehrsunfälle,Verletzte und Getötete,2018,8,529.0
1848,Verkehrsunfälle,Verletzte und Getötete,2018,9,645.0
1849,Verkehrsunfälle,Verletzte und Getötete,2018,10,616.0
1850,Verkehrsunfälle,Verletzte und Getötete,2018,11,485.0
1851,Verkehrsunfälle,Verletzte und Getötete,2018,12,348.0
1853,Verkehrsunfälle,Verletzte und Getötete,2017,1,307.0
1854,Verkehrsunfälle,Verletzte und Getötete,2017,2,334.0
1855,Verkehrsunfälle,Verletzte und Getötete,2017,3,486.0
1856,Verkehrsunfälle,Verletzte und Getötete,2017,4,439.0
1857,Verkehrsunfälle,Verletzte und Getötete,2017,5,631.0
1858,Verkehrsunfälle,Verletzte und Getötete,2017,6,668.0
1859,Verkehrsunfälle,Verletzte und Getötete,2017,7,752.0
1860,Verkehrsunfälle,Verletzte und Getötete,2017,8,504.0
1861,Verkehrsunfälle,Verletzte und Getötete,2017,9,546.0
1862,Verkehrsunfälle,Verletzte und Getötete,2017,10,572.0
1863,Verkehrsunfälle,Verletzte und Getötete,2017,11,443.0
1864,Verkehrsunfälle,Verletzte und Getötete,2017,12,376.0
1866,Verkehrsunfälle,Verletzte und Getötete,2016,1,380.0
1867,Verkehrsunfälle,Verletzte und Getötete,2016,2,351.0
1868,Verkehrsunfälle,Verletzte und Getötete,2016,3,370.0
1869,Verkehrsunfälle,Verletzte und Getötete,2016,4,545.0
1870,Verkehrsunfälle,Verletzte und Getötete,2016,5,602.0
1871,Verkehrsunfälle,Verletzte und Getötete,2016,6,691.0
1872,Verkehrsunfälle,Verletzte und Getötete,2016,7,742.0
1873,Verkehrsunfälle,Verletzte und Getötete,2016,8,540.0
1874,Verkehrsunfälle,Verletzte und Getötete,2016,9,759.0
1875,Verkehrsunfälle,Verletzte und Getötete,2016,10,559.0
1876,Verkehrsunfälle,Verletzte und Getötete,2016,11,489.0
1877,Verkehrsunfälle,Verletzte und Getötete,2016,12,381.0
1879,Verkehrsunfälle,Verletzte und Getötete,2015,1,334.0
1880,Verkehrsunfälle,Verletzte und Getötete,2015,2,321.0
1881,Verkehrsunfälle,Verletzte und Getötete,2015,3,471.0
1882,Verkehrsunfälle,Verletzte und Getötete,2015,4,598.0
1883,Verkehrsunfälle,Verletzte und Getötete,2015,5,604.0
1884,Verkehrsunfälle,Verletzte und Getötete,2015,6,673.0
1885,Verkehrsunfälle,Verletzte und Getötete,2015,7,809.0
1886,Verkehrsunfälle,Verletzte und Getötete,2015,8,546.0
1887,Verkehrsunfälle,Verletzte und Getötete,2015,9,614.0
1888,Verkehrsunfälle,Verletzte und Getötete,2015,10,569.0
1889,Verkehrsunfälle,Verletzte und Getötete,2015,11,506.0
1890,Verkehrsunfälle,Verletzte und Getötete,2015,12,479.0
1892,Verkehrsunfälle,Verletzte und Getötete,2014,1,412.0
1893,Verkehrsunfälle,Verletzte und Getötete,2014,2,372.0
1894,Verkehrsunfälle,Verletzte und Getötete,2014,3,559.0
1895,Verkehrsunfälle,Verletzte und Getötete,2014,4,549.0
1896,Verkehrsunfälle,Verletzte und Getötete,2014,5,671.0
1897,Verkehrsunfälle,Verletzte und Getötete,2014,6,656.0
1898,Verkehrsunfälle,Verletzte und Getötete,2014,7,783.0
1899,Verkehrsunfälle,Verletzte und Getötete,2014,8,517.0
1900,Verkehrsunfälle,Verletzte und Getötete,2014,9,620.0
1901,Verkehrsunfälle,Verletzte und Getötete,2014,10,652.0
1902,Verkehrsunfälle,Verletzte und Getötete,2014,11,464.0
1903,Verkehrsunfälle,Verletzte und Getötete,2014,12,413.0
1905,Verkehrsunfälle,Verletzte und Getötete,2013,1,320.0
1906,Verkehrsunfälle,Verletzte und Getötete,2013,2,326.0
1907,Verkehrsunfälle,Verletzte und Getötete,2013,3,350.0
1908,Verkehrsunfälle,Verletzte und Getötete,2013,4,523.0
1909,Verkehrsunfälle,Verletzte und Getötete,2013,5,530.0
1910,Verkehrsunfälle,Verletzte und Getötete,2013,6,734.0
1911,Verkehrsunfälle,Verletzte und Getötete,2013,7,976.0
1912,Verkehrsunfälle,Verletzte und Getötete,2013,8,645.0
1913,Verkehrsunfälle,Verletzte und Getötete,2013,9,617.0
1914,Verkehrsunfälle,Verletzte und Getötete,2013,10,595.0
1915,Verkehrsunfälle,Verletzte und Getötete,2013,11,483.0
1916,Verkehrsunfälle,Verletzte und Getötete,2013,12,423.0
1918,Verkehrsunfälle,Verletzte und Getötete,2012,1,338.0
1919,Verkehrsunfälle,Verletzte und Getötete,2012,2,290.0
1920,Verkehrsunfälle,Verletzte und Getötete,2012,3,526.0
1921,Verkehrsunfälle,Verletzte und Getötete,2012,4,485.0
1922,Verkehrsunfälle,Verletzte und Getötete,2012,5,719.0
1923,Verkehrsunfälle,Verletzte und Getötete,2012,6,681.0
1924,Verkehrsunfälle,Verletzte und Getötete,2012,7,730.0
1925,Verkehrsunfälle,Verletzte und Getötete,2012,8,635.0
1926,Verkehrsunfälle,Verletzte und Getötete,2012,9,632.0
1927,Verkehrsunfälle,Verletzte und Getötete,2012,10,580.0
1928,Verkehrsunfälle,Verletzte und Getötete,2012,11,471.0
1929,Verkehrsunfälle,Verletzte und Getötete,2012,12,317.0
1931,Verkehrsunfälle,Verletzte und Getötete,2011,1,328.0
1932,Verkehrsunfälle,Verletzte und Getötete,2011,2,343.0
1933,Verkehrsunfälle,Verletzte und Getötete,2011,3,425.0
1934,Verkehrsunfälle,Verletzte und Getötete,2011,4,604.0
1935,Verkehrsunfälle,Verletzte und Getötete,2011,5,765.0
1936,Verkehrsunfälle,Verletzte und Getötete,2011,6,472.0
1937,Verkehrsunfälle,Verletzte und Getötete,2011,7,637.0
1938,Verkehrsunfälle,Verletzte und Getötete,2011,8,487.0
1939,Verkehrsunfälle,Verletzte und Getötete,2011,9,519.0
1940,Verkehrsunfälle,Verletzte und Getötete,2011,10,481.0
1941,Verkehrsunfälle,Verletzte und Getötete,2011,11,438.0
1942,Verkehrsunfälle,Verletzte und Getötete,2011,12,370.0
1944,Verkehrsunfälle,Verletzte und Getötete,2010,1,192.0
1945,Verkehrsunfälle,Verletzte und Getötete,2010,2,247.0
1946,Verkehrsunfälle,Verletzte und Getötete,2010,3,341.0
1947,Verkehrsunfälle,Verletzte und Getötete,2010,4,216.0
1948,Verkehrsunfälle,Verletzte und Getötete,2010,5,389.0
1949,Verkehrsunfälle,Verletzte und Getötete,2010,6,517.0
1950,Verkehrsunfälle,Verletzte und Getötete,2010,7,721.0
1951,Verkehrsunfälle,Verletzte und Getötete,2010,8,481.0
1952,Verkehrsunfälle,Verletzte und Getötete,2010,9,534.0
1953,Verkehrsunfälle,Verletzte und Getötete,2010,10,524.0
1954,Verkehrsunfälle,Verletzte und Getötete,2010,11,383.0
1955,Verkehrsunfälle,Verletzte und Getötete,2010,12,277.0
1957,Verkehrsunfälle,Verletzte und Getötete,2009,1,223.0
1958,Verkehrsunfälle,Verletzte und Getötete,2009,2,340.0
1959,Verkehrsunfälle,Verletzte und Getötete,2009,3,245.0
1960,Verkehrsunfälle,Verletzte und Getötete,2009,4,416.0
1961,Verkehrsunfälle,Verletzte und Getötete,2009,5,535.0
1962,Verkehrsunfälle,Verletzte und Getötete,2009,6,443.0
1963,Verkehrsunfälle,Verletzte und Getötete,2009,7,556.0
1964,Verkehrsunfälle,Verletzte und Getötete,2009,8,466.0
1965,Verkehrsunfälle,Verletzte und Getötete,2009,9,452.0
1966,Verkehrsunfälle,Verletzte und Getötete,2009,10,432.0
1967,Verkehrsunfälle,Verletzte und Getötete,2009,11,366.0
1968,Verkehrsunfälle,Verletzte und Getötete,2009,12,391.0
1970,Verkehrsunfälle,Verletzte und Getötete,2008,1,307.0
1971,Verkehrsunfälle,Verletzte und Getötete,2008,2,340.0
1972,Verkehrsunfälle,Verletzte und Getötete,2008,3,254.0
1973,Verkehrsunfälle,Verletzte und Getötete,2008,4,355.0
1974,Verkehrsunfälle,Verletzte und Getötete,2008,5,534.0
1975,Verkehrsunfälle,Verletzte und Getötete,2008,6,473.0
1976,Verkehrsunfälle,Verletzte und Getötete,2008,7,538.0
1977,Verkehrsunfälle,Verletzte und Getötete,2008,8,480.0
1978,Verkehrsunfälle,Verletzte und Getötete,2008,9,422.0
1979,Verkehrsunfälle,Verletzte und Getötete,2008,10,455.0
1980,Verkehrsunfälle,Verletzte und Getötete,2008,11,321.0
1981,Verkehrsunfälle,Verletzte und Getötete,2008,12,272.0
1983,Verkehrsunfälle,Verletzte und Getötete,2007,1,268.0
1984,Verkehrsunfälle,Verletzte und Getötete,2007,2,277.0
1985,Verkehrsunfälle,Verletzte und Getötete,2007,3,347.0
1986,Verkehrsunfälle,Verletzte und Getötete,2007,4,500.0
1987,Verkehrsunfälle,Verletzte und Getötete,2007,5,591.0
1988,Verkehrsunfälle,Verletzte und Getötete,2007,6,535.0
1989,Verkehrsunfälle,Verletzte und Getötete,2007,7,511.0
1990,Verkehrsunfälle,Verletzte und Getötete,2007,8,422.0
1991,Verkehrsunfälle,Verletzte und Getötete,2007,9,462.0
1992,Verkehrsunfälle,Verletzte und Getötete,2007,10,491.0
1993,Verkehrsunfälle,Verletzte und Getötete,2007,11,405.0
1994,Verkehrsunfälle,Verletzte und Getötete,2007,12,414.0
1996,Verkehrsunfälle,Verletzte und Getötete,2006,1,364.0
1997,Verkehrsunfälle,Verletzte und Getötete,2006,2,279.0
1998,Verkehrsunfälle,Verletzte und Getötete,2006,3,375.0
1999,Verkehrsunfälle,Verletzte und Getötete,2006,4,387.0
2000,Verkehrsunfälle,Verletzte und Getötete,2006,5,564.0
2001,Verkehrsunfälle,Verletzte und Getötete,2006,6,479.0
2002,Verkehrsunfälle,Verletzte und Getötete,2006,7,787.0
2003,Verkehrsunfälle,Verletzte und Getötete,2006,8,513.0
2004,Verkehrsunfälle,Verletzte und Getötete,2006,9,490.0
2005,Verkehrsunfälle,Verletzte und Getötete,2006,10,632.0
2006,Verkehrsunfälle,Verletzte und Getötete,2006,11,468.0
2007,Verkehrsunfälle,Verletzte und Getötete,2006,12,466.0
2009,Verkehrsunfälle,Verletzte und Getötete,2005,1,306.0
2010,Verkehrsunfälle,Verletzte und Getötete,2005,2,282.0
2011,Verkehrsunfälle,Verletzte und Getötete,2005,3,385.0
2012,Verkehrsunfälle,Verletzte und Getötete,2005,4,514.0
2013,Verkehrsunfälle,Verletzte und Getötete,2005,5,618.0
2014,Verkehrsunfälle,Verletzte und Getötete,2005,6,729.0
2015,Verkehrsunfälle,Verletzte und Getötete,2005,7,675.0
2016,Verkehrsunfälle,Verletzte und Getötete,2005,8,582.0
2017,Verkehrsunfälle,Verletzte und Getötete,2005,9,825.0
2018,Verkehrsunfälle,Verletzte und Getötete,2005,10,568.0
2019,Verkehrsunfälle,Verletzte und Getötete,2005,11,458.0
2020,Verkehrsunfälle,Verletzte und Getötete,2005,12,460.0
2022,Verkehrsunfälle,Verletzte und Getötete,2004,1,377.0
2023,Verkehrsunfälle,Verletzte und Getötete,2004,2,310.0
2024,Verkehrsunfälle,Verletzte und Getötete,2004,3,403.0
2025,Verkehrsunfälle,Verletzte und Getötete,2004,4,461.0
2026,Verkehrsunfälle,Verletzte und Getötete,2004,5,600.0
2027,Verkehrsunfälle,Verletzte und Getötete,2004,6,598.0
2028,Verkehrsunfälle,Verletzte und Getötete,2004,7,811.0
2029,Verkehrsunfälle,Verletzte und Getötete,2004,8,584.0
2030,Verkehrsunfälle,Verletzte und Getötete,2004,9,659.0
2031,Verkehrsunfälle,Verletzte und Getötete,2004,10,561.0
2032,Verkehrsunfälle,Verletzte und Getötete,2004,11,439.0
2033,Verkehrsunfälle,Verletzte und Getötete,2004,12,416.0
2035,Verkehrsunfälle,Verletzte und Getötete,2003,1,358.0
2036,Verkehrsunfälle,Verletzte und Getötete,2003,2,308.0
2037,Verkehrsunfälle,Verletzte und Getötete,2003,3,476.0
2038,Verkehrsunfälle,Verletzte und Getötete,2003,4,535.0
2039,Verkehrsunfälle,Verletzte und Getötete,2003,5,632.0
2040,Verkehrsunfälle,Verletzte und Getötete,2003,6,723.0
2041,Verkehrsunfälle,Verletzte und Getötete,2003,7,644.0
2042,Verkehrsunfälle,Verletzte und Getötete,2003,8,577.0
2043,Verkehrsunfälle,Verletzte und Getötete,2003,9,560.0
2044,Verkehrsunfälle,Verletzte und Getötete,2003,10,595.0
2045,Verkehrsunfälle,Verletzte und Getötete,2003,11,464.0
2046,Verkehrsunfälle,Verletzte und Getötete,2003,12,493.0
2048,Verkehrsunfälle,Verletzte und Getötete,2002,1,431.0
2049,Verkehrsunfälle,Verletzte und Getötete,2002,2,393.0
2050,Verkehrsunfälle,Verletzte und Getötete,2002,3,520.0
2051,Verkehrsunfälle,Verletzte und Getötete,2002,4,521.0
2052,Verkehrsunfälle,Verletzte und Getötete,2002,5,654.0
2053,Verkehrsunfälle,Verletzte und Getötete,2002,6,833.0
2054,Verkehrsunfälle,Verletzte und Getötete,2002,7,865.0
2055,Verkehrsunfälle,Verletzte und Getötete,2002,8,601.0
2056,Verkehrsunfälle,Verletzte und Getötete,2002,9,621.0
2057,Verkehrsunfälle,Verletzte und Getötete,2002,10,630.0
2058,Verkehrsunfälle,Verletzte und Getötete,2002,11,563.0
2059,Verkehrsunfälle,Verletzte und Getötete,2002,12,394.0
2061,Verkehrsunfälle,Verletzte und Getötete,2001,1,448.0
2062,Verkehrsunfälle,Verletzte und Getötete,2001,2,439.0
2063,Verkehrsunfälle,Verletzte und Getötete,2001,3,535.0
2064,Verkehrsunfälle,Verletzte und Getötete,2001,4,578.0
2065,Verkehrsunfälle,Verletzte und Getötete,2001,5,817.0
2066,Verkehrsunfälle,Verletzte und Getötete,2001,6,679.0
2067,Verkehrsunfälle,Verletzte und Getötete,2001,7,921.0
2068,Verkehrsunfälle,Verletzte und Getötete,2001,8,600.0
2069,Verkehrsunfälle,Verletzte und Getötete,2001,9,643.0
2070,Verkehrsunfälle,Verletzte und Getötete,2001,10,717.0
2071,Verkehrsunfälle,Verletzte und Getötete,2001,11,568.0
2072,Verkehrsunfälle,Verletzte und Getötete,2001,12,507.0
2074,Verkehrsunfälle,Verletzte und Getötete,2000,1,434.0
2075,Verkehrsunfälle,Verletzte und Getötete,2000,2,419.0
2076,Verkehrsunfälle,Verletzte und Getötete,2000,3,509.0
2077,Verkehrsunfälle,Verletzte und Getötete,2000,4,557.0
2078,Verkehrsunfälle,Verletzte und Getötete,2000,5,675.0
2079,Verkehrsunfälle,Verletzte und Getötete,2000,6,685.0
2080,Verkehrsunfälle,Verletzte und Getötete,2000,7,744.0
2081,Verkehrsunfälle,Verletzte und Getötete,2000,8,647.0
2082,Verkehrsunfälle,Verletzte und Getötete,2000,9,675.0
2083,Verkehrsunfälle,Verletzte und Getötete,2000,10,615.0
2084,Verkehrsunfälle,Verletzte und Getötete,2000,11,578.0
2085,Verkehrsunfälle,Verletzte und Getötete,2000,12,515.0
